{"type": "FeatureCollection", "features": [{"type": "Feature", "properties": {"name": "Debre Birhan", "id": "NS_DB", "sourceName": "Basona Worena", "sourceID": "50319843B88197270379864", "matchDistance": 0.054307, "center": [39.53, 9.68]}, "geometry": {"type": "Polygon", "coordinates": [[[39.63571028855694, 9.466381845115805], [39.64160463495759, 9.464412023901058], [39.64723944047536, 9.463345820738601], [39.65014254656993, 9.467930526839002], [39.65621964770447, 9.47413971951463], [39.65663561646252, 9.480256039649658], [39.653153050462414, 9.48539576743294], [39.6500826682249, 9.491796380823974], [39.651163578488806, 9.500960728191638], [39.65470988155606, 9.50913281656371], [39.65832067061315, 9.514138020450957], [39.66338548434402, 9.516582777469944], [39.66765513349807, 9.520589388617427], [39.67112233799647, 9.52573645428665], [39.672958763857665, 9.53416447717784], [39.67456648967139, 9.540932330288106], [39.675211193216256, 9.547147572278812], [39.676130229240066, 9.553944803002246], [39.677275746867416, 9.56007450869041], [39.68058096765317, 9.569598229564127], [39.6867654080796, 9.574551507669236], [39.69286959774401, 9.579796010123987], [39.695461206515304, 9.587290830331078], [39.69852808271064, 9.595886551537475], [39.70221217566909, 9.60433518178478], [39.70895487056621, 9.60860255792423], [39.71448482183397, 9.608229871553648], [39.72116550325417, 9.608917275720373], [39.7281167079868, 9.612735150906047], [39.73052531959301, 9.621632097768703], [39.73031244250389, 9.630253750129787], [39.7320759504016, 9.63856491897178], [39.73364351996719, 9.643809111039358], [39.733606636955585, 9.649521218590634], [39.73429309858431, 9.655391078883198], [39.733976117348114, 9.660600618410102], [39.734209655747016, 9.666682077077809], [39.73162353339524, 9.672283778279512], [39.7318279747645, 9.677489421112565], [39.73495517984146, 9.681850593047374], [39.736383249825, 9.691775430524878], [39.73342413202543, 9.700596754450478], [39.72938475537507, 9.709460052684598], [39.729942488070066, 9.715878300183943], [39.73323019716564, 9.722719963537616], [39.72967000660096, 9.723797027843654], [39.72861453211832, 9.733870264154907], [39.7238890667937, 9.738875518852392], [39.72255726185299, 9.744584719164848], [39.72527004287705, 9.752449506520307], [39.73342012627423, 9.758607041824247], [39.73642774684738, 9.76626672109911], [39.73592309560394, 9.771645079123942], [39.73394941092849, 9.77806485323206], [39.73137309693688, 9.78547251137799], [39.73030924135847, 9.795494907975337], [39.73193333149798, 9.80415488040473], [39.734105932442354, 9.812162408150511], [39.73632603660826, 9.820515655042875], [39.73901365055546, 9.828294199695332], [39.738057341343755, 9.833913712737797], [39.730300458437, 9.835659592512679], [39.724333955481875, 9.83810833592941], [39.71710843510396, 9.840971191402309], [39.70963273722606, 9.843773910691256], [39.70390249519239, 9.843248959808173], [39.69706339883813, 9.845867549301621], [39.6888484455265, 9.852732397871163], [39.683544724417935, 9.858549643537774], [39.68696382278872, 9.86705843687728], [39.678683426166025, 9.868524339641905], [39.673976046210285, 9.87368732527903], [39.66723720630209, 9.86892397583594], [39.66078894575669, 9.86794693014419], [39.65529250806603, 9.868073740372331], [39.64652929303387, 9.866935762520804], [39.63987352982736, 9.863455772757902], [39.63541955958146, 9.86023808230279], [39.62925139461766, 9.860159055020981], [39.62358049554044, 9.860529202648612], [39.61690569444363, 9.861057940986955], [39.607552634476825, 9.86047327005938], [39.6001656176141, 9.860159408935841], [39.592725262960336, 9.85780728547649], [39.58584211771307, 9.855379381463765], [39.57843061894234, 9.852184431489835], [39.57359784993017, 9.849474197562609], [39.56692324218094, 9.847075111612602], [39.559325565857655, 9.844381723714061], [39.553027514537575, 9.842892389128805], [39.54413622571644, 9.842692454115932], [39.5360134838001, 9.844313685945936], [39.52862712481561, 9.845382296616842], [39.52140193682628, 9.846358748644695], [39.515489286660326, 9.847783153447066], [39.509879975059214, 9.848816590649124], [39.500796794169034, 9.850151576174603], [39.49191653700244, 9.849105284979816], [39.484611965892654, 9.849012206350812], [39.47865556402631, 9.850470358461171], [39.47230914773548, 9.851135332409779], [39.466720001589366, 9.851771305691726], [39.45970482026416, 9.853072977305219], [39.45158309793175, 9.85217834889514], [39.44372689098966, 9.852856329583554], [39.43568960006661, 9.85754630624263], [39.42883002957912, 9.860047853913102], [39.421761853320255, 9.862529337929443], [39.41288312428077, 9.86429760275263], [39.40473954612877, 9.867083523370292], [39.4004539922376, 9.870723723391395], [39.394442320974676, 9.873416658519142], [39.38603511311905, 9.876719124495915], [39.37959553795629, 9.88168143272902], [39.37520759455733, 9.887608502542275], [39.37149067867797, 9.895299031199558], [39.36656057019008, 9.899818156550058], [39.360384280732575, 9.903430464296138], [39.35433426660016, 9.904615962808464], [39.348962705241156, 9.906667809483542], [39.34286174162102, 9.910788975849036], [39.33606849896575, 9.91525528289024], [39.32925055545669, 9.92118912653085], [39.324210405154695, 9.92621854084635], [39.31892162441045, 9.931573594824314], [39.312071727498044, 9.93631837687622], [39.30538014621002, 9.941519352249523], [39.30108670099445, 9.949947728206817], [39.29855879246743, 9.956440167304052], [39.29529072685967, 9.960630563119688], [39.294579556825596, 9.965921277430427], [39.29788139440036, 9.972322265498908], [39.30451520165334, 9.979613835254776], [39.309667001969004, 9.98658269175885], [39.30949827947303, 9.992524666861721], [39.30499748484655, 10.00011976856844], [39.29940132636532, 10.008131460062915], [39.29677073556062, 10.00155468480305], [39.29259867382546, 9.994422177028273], [39.287382904182934, 9.98694252618793], [39.283482569135195, 9.981382138884998], [39.27688759807563, 9.977374289121043], [39.26959407000053, 9.971267377728225], [39.26436965929846, 9.963439892844217], [39.26011799858092, 9.954897837870973], [39.25973194486778, 9.946632538326622], [39.26153944925885, 9.93835621102398], [39.261699561896236, 9.927349600916488], [39.26080481561922, 9.916825591942258], [39.26136012638234, 9.90976132488747], [39.26144282496955, 9.902800240863932], [39.261901333098045, 9.895716631795734], [39.26413562573297, 9.891049061880976], [39.26552310581328, 9.884587420619905], [39.26595575603287, 9.879311413158877], [39.26686825250996, 9.873993878697869], [39.27183769301533, 9.86888972193721], [39.27784127299892, 9.869235492832669], [39.28459253593021, 9.868955066428619], [39.29261207935883, 9.86777737935216], [39.30146539461546, 9.866753215689412], [39.30532122261495, 9.861814008055353], [39.307762508176495, 9.856090626966614], [39.31265761026484, 9.85044022654605], [39.31759673445234, 9.845803661559202], [39.32358552454438, 9.83958959457739], [39.33121528599916, 9.83660460546855], [39.33786078646838, 9.834595249285485], [39.34427646940777, 9.832091722743918], [39.35115815126574, 9.828075632434158], [39.35746582708457, 9.821445895303958], [39.36059235281104, 9.813570592911645], [39.363783804936105, 9.807104949670064], [39.36729632239753, 9.802029480989846], [39.37145249632319, 9.798178633741474], [39.376734321334766, 9.79559451642496], [39.374668740890954, 9.788193858733157], [39.37322607686291, 9.782190155880837], [39.3743058875721, 9.776062977055219], [39.369953515301646, 9.769841176733705], [39.360789936309715, 9.759022711541265], [39.35822367012243, 9.750142459920307], [39.35478074054413, 9.744666527808937], [39.35328046861897, 9.738621977617454], [39.35242921618281, 9.733314748385524], [39.34756983658022, 9.726120898383467], [39.341616167895396, 9.718075407417103], [39.33888171698835, 9.711194806788686], [39.340199502840214, 9.70490008756607], [39.34533963588617, 9.699985912995512], [39.351168719004654, 9.700913956837283], [39.35855717064113, 9.70162587285], [39.364988904053554, 9.702433205991523], [39.37096865973864, 9.700358844536153], [39.37057767106328, 9.69054967455805], [39.36564607438033, 9.685559333647877], [39.36183272723863, 9.681262721187448], [39.367821037066996, 9.676270375427446], [39.372152868363045, 9.67095181308606], [39.36903873806923, 9.664017809714002], [39.3629846651945, 9.662513752706557], [39.35860399990805, 9.657849064832474], [39.35809445450037, 9.648844869866782], [39.35640821890021, 9.640832765106163], [39.35418037106892, 9.635095447978355], [39.3535502856716, 9.629224504779014], [39.35290180877376, 9.62304231971577], [39.35524534095818, 9.618672150846825], [39.36254127735664, 9.619904408747312], [39.366854811772704, 9.62299429821041], [39.37187929225293, 9.626683267060999], [39.37630777799803, 9.630217561615344], [39.38140659626483, 9.631496998220834], [39.386712703965635, 9.63180896585536], [39.389173726635605, 9.62340929790921], [39.38967320508064, 9.616729287827612], [39.38616158509582, 9.611714114282856], [39.38504301513741, 9.603892200111728], [39.38051635966446, 9.597257060707859], [39.3742122805281, 9.593018691451618], [39.37410513965105, 9.583884150956662], [39.37878394520084, 9.581155789879379], [39.38441358174821, 9.581322054416747], [39.389851414326074, 9.576994992196862], [39.39479678391497, 9.581118169462705], [39.40167312060016, 9.586566151518454], [39.40654782006681, 9.593137008265659], [39.41060716447766, 9.59722491089991], [39.41550931164417, 9.60038760524851], [39.42241860658835, 9.605625022146828], [39.42938893097746, 9.609646313888685], [39.43649892606428, 9.610686252267165], [39.44168576961348, 9.608960283240664], [39.44576213898575, 9.603941469225452], [39.451592628525134, 9.604086760520206], [39.45880509274429, 9.604271644503442], [39.46308597072416, 9.598084367349818], [39.46579961748952, 9.592958807969325], [39.46569729148141, 9.585869637188582], [39.472405273269, 9.5891056908994], [39.4824516536793, 9.586607486194305], [39.48435155838535, 9.577696342505808], [39.4891427073702, 9.570546793689003], [39.495315033530105, 9.569589681105848], [39.50173505638275, 9.569873073173726], [39.507812968239385, 9.572906906257321], [39.51348259276322, 9.574275422728828], [39.51762913044905, 9.569796923925253], [39.523729818940325, 9.574768326461895], [39.52891721476898, 9.576183173907335], [39.53440037556627, 9.579057640519], [39.54026587825142, 9.581468314058824], [39.546956853884986, 9.582685379987222], [39.55255208096719, 9.589544534111083], [39.55422500232308, 9.597887689499306], [39.559800507248454, 9.602305697146432], [39.5639691082751, 9.606754881206129], [39.569441611356645, 9.605039404688284], [39.57206399002626, 9.600235817688748], [39.57766490687457, 9.596727100416585], [39.58296837402525, 9.598932877276633], [39.58860320672672, 9.598347900836531], [39.59641039157906, 9.593889684239343], [39.602279995527475, 9.5908597448368], [39.607943393737365, 9.590272184179671], [39.61403255447685, 9.590035257521839], [39.62016271766692, 9.590029601569556], [39.625779497036504, 9.595785536412476], [39.632155213139775, 9.599872415427177], [39.640255976590275, 9.600991066410606], [39.64492791598868, 9.597417193027264], [39.64346584255894, 9.590918777338354], [39.639576202094084, 9.583779681628348], [39.63757277392079, 9.57589497563447], [39.63653528107211, 9.56664771813393], [39.63556321500498, 9.558974529811685], [39.633485859094435, 9.54916653652168], [39.6328618065187, 9.542321147715217], [39.632420766279395, 9.536873134220642], [39.630500329764565, 9.53003810059387], [39.6285725774782, 9.520239297792994], [39.63042384342951, 9.513862187696311], [39.63168159546813, 9.507655232940051], [39.63273024734903, 9.499540115300517], [39.63292294736632, 9.492168902225645], [39.631053885612396, 9.484262814183905], [39.63230326444802, 9.472725332634681], [39.63571028855694, 9.466381845115805]]]}}, {"type": "Feature", "properties": {"name": "Tarmaber", "id": "NS_TB", "sourceName": "Mojan Wedera", "sourceID": "50319843B77621860159183", "matchDistance": 0.197087, "center": [39.45, 9.75]}, "geometry": {"type": "Polygon", "coordinates": [[[39.30499748484655, 10.00011976856844], [39.30949827947303, 9.992524666861721], [39.309667001969004, 9.98658269175885], [39.30451520165334, 9.979613835254776], [39.29788139440036, 9.972322265498908], [39.294579556825596, 9.965921277430427], [39.29529072685967, 9.960630563119688], [39.29855879246743, 9.956440167304052], [39.30108670099445, 9.949947728206817], [39.30538014621002, 9.941519352249523], [39.312071727498044, 9.93631837687622], [39.31892162441045, 9.931573594824314], [39.324210405154695, 9.92621854084635], [39.32925055545669, 9.92118912653085], [39.33606849896575, 9.91525528289024], [39.34286174162102, 9.910788975849036], [39.348962705241156, 9.906667809483542], [39.35433426660016, 9.904615962808464], [39.360384280732575, 9.903430464296138], [39.36656057019008, 9.899818156550058], [39.37149067867797, 9.895299031199558], [39.37520759455733, 9.887608502542275], [39.37959553795629, 9.88168143272902], [39.38603511311905, 9.876719124495915], [39.394442320974676, 9.873416658519142], [39.4004539922376, 9.870723723391395], [39.40473954612877, 9.867083523370292], [39.41288312428077, 9.86429760275263], [39.421761853320255, 9.862529337929443], [39.42883002957912, 9.860047853913102], [39.43568960006661, 9.85754630624263], [39.44372689098966, 9.852856329583554], [39.45158309793175, 9.85217834889514], [39.45970482026416, 9.853072977305219], [39.466720001589366, 9.851771305691726], [39.47230914773548, 9.851135332409779], [39.47865556402631, 9.850470358461171], [39.484611965892654, 9.849012206350812], [39.49191653700244, 9.849105284979816], [39.500796794169034, 9.850151576174603], [39.509879975059214, 9.848816590649124], [39.515489286660326, 9.847783153447066], [39.52140193682628, 9.846358748644695], [39.52862712481561, 9.845382296616842], [39.5360134838001, 9.844313685945936], [39.54413622571644, 9.842692454115932], [39.553027514537575, 9.842892389128805], [39.559325565857655, 9.844381723714061], [39.56692324218094, 9.847075111612602], [39.57359784993017, 9.849474197562609], [39.57843061894234, 9.852184431489835], [39.58584211771307, 9.855379381463765], [39.592725262960336, 9.85780728547649], [39.6001656176141, 9.860159408935841], [39.607552634476825, 9.86047327005938], [39.61690569444363, 9.861057940986955], [39.62358049554044, 9.860529202648612], [39.62925139461766, 9.860159055020981], [39.63541955958146, 9.86023808230279], [39.63987352982736, 9.863455772757902], [39.64652929303387, 9.866935762520804], [39.65529250806603, 9.868073740372331], [39.66078894575669, 9.86794693014419], [39.66723720630209, 9.86892397583594], [39.673976046210285, 9.87368732527903], [39.678683426166025, 9.868524339641905], [39.68696382278872, 9.86705843687728], [39.683544724417935, 9.858549643537774], [39.6888484455265, 9.852732397871163], [39.69706339883813, 9.845867549301621], [39.70390249519239, 9.843248959808173], [39.70963273722606, 9.843773910691256], [39.71710843510396, 9.840971191402309], [39.724333955481875, 9.83810833592941], [39.730300458437, 9.835659592512679], [39.738057341343755, 9.833913712737797], [39.74319868619389, 9.840065226601395], [39.74407520386454, 9.846968490340599], [39.74426055263168, 9.856049643365367], [39.743297214452774, 9.864190721324928], [39.739678804237684, 9.873540161616013], [39.73266236474273, 9.877438308816247], [39.726405091857494, 9.8828282283758], [39.72205457896496, 9.888728021581125], [39.71974239566396, 9.894204848363897], [39.7186822379617, 9.902109232049908], [39.7112959598517, 9.902951793388175], [39.706197466963935, 9.900435872414041], [39.70077594348509, 9.899051766682934], [39.695359263163745, 9.902336486488078], [39.68977267600964, 9.903942105915378], [39.68663054566007, 9.911724165198102], [39.68487995069236, 9.919308161925725], [39.68294667516054, 9.9240576674428], [39.6821046681606, 9.931528342566004], [39.69044303938166, 9.932891097295764], [39.69129919829468, 9.939827629010228], [39.691902035940636, 9.946401471108334], [39.6894661666496, 9.951763758381718], [39.69439548909871, 9.95615975905573], [39.69887529264568, 9.959362533933152], [39.70278711894961, 9.96336490805942], [39.707598749992556, 9.969782534774584], [39.70682123135302, 9.977860474790445], [39.70764029571688, 9.985558538189272], [39.706086049596856, 9.991270747764933], [39.700048633714346, 9.992962171972083], [39.69337261732447, 9.994691180163118], [39.68584851697439, 9.99532678909367], [39.680851517964996, 9.99701804087372], [39.67492201947698, 9.995826289634746], [39.66814315635869, 9.993090886140205], [39.66222184027194, 9.994689348277662], [39.656483251076224, 9.998859259487022], [39.651335265831634, 10.003861592958744], [39.648811946902164, 10.00951106243998], [39.64203395014116, 10.009888308930506], [39.637258572359954, 10.00679757580795], [39.63153773244698, 10.003144013300373], [39.62535143263878, 10.001481694068328], [39.61851637565737, 10.00174562435306], [39.612137138837994, 10.002576203430593], [39.60478638824353, 10.00267894864754], [39.59662258278959, 10.00300696314183], [39.58973325042448, 10.005347417725517], [39.582260925177664, 10.005386828948083], [39.5731564155152, 10.00243243962662], [39.565576584727786, 9.998736222294273], [39.559759930458895, 9.994721394955805], [39.55348184523407, 9.994528570484256], [39.54847462839702, 9.99463896263944], [39.54085087626594, 9.991988637885958], [39.52978689781325, 9.993340176935222], [39.5216615667097, 9.992899426799646], [39.514712301626844, 9.993819465255374], [39.508999393405986, 9.992831333066494], [39.50269278494668, 9.994907683052341], [39.49519398051031, 9.998932016774155], [39.48590451125943, 10.003220172375803], [39.477574771786486, 10.0029498265447], [39.46819559473483, 10.001387542329873], [39.461300508242864, 9.999891819145862], [39.45450048877733, 9.9959542215454], [39.44745740331409, 9.99195807080417], [39.444262621866606, 9.986599229050723], [39.44132979108345, 9.981130840768438], [39.435229110166, 9.978821238693891], [39.427358134252344, 9.980313625672627], [39.422665687984605, 9.982845343301818], [39.416933822506465, 9.98482086468111], [39.40804350284065, 9.984859029416075], [39.400363830802796, 9.984406555771164], [39.39322011528423, 9.984715291609508], [39.38620992752691, 9.980247423912248], [39.37898219725036, 9.972573745346045], [39.37392196478414, 9.964872624785992], [39.369120791374925, 9.959738005192765], [39.36213662122366, 9.955251939099183], [39.355264424833585, 9.960850562673986], [39.35188403215012, 9.966655483125882], [39.34959499826909, 9.971795539865028], [39.34685096406213, 9.97920556532715], [39.34171409421103, 9.986195910894283], [39.333080038463564, 9.989719096105308], [39.326137124281814, 9.99322769566773], [39.32007041036075, 9.99716323570186], [39.31253513929571, 9.997686443384051], [39.30499748484655, 10.00011976856844]]]}}, {"type": "Feature", "properties": {"name": "Kewet", "id": "NS_KW", "sourceName": "Ankober", "sourceID": "50319843B46977032512761", "matchDistance": 0.163711, "center": [39.6, 9.55]}, "geometry": {"type": "Polygon", "coordinates": [[[39.850638539918094, 9.749335024977427], [39.843990747493464, 9.755118692487398], [39.832675805479184, 9.760243668022829], [39.82474764397563, 9.762654910329674], [39.81868752858315, 9.763718581047998], [39.81300389768031, 9.763676295041654], [39.80391780987742, 9.762467531037858], [39.798598436759, 9.765024705989122], [39.792381786549, 9.762344900483573], [39.786169898680086, 9.76302458547698], [39.78019101973263, 9.763389090135258], [39.77205068698917, 9.760949783463285], [39.763752249060005, 9.761941452367498], [39.75523786778897, 9.758541080965218], [39.74752411609181, 9.751423813558867], [39.74482827723946, 9.74576744155731], [39.742401240290896, 9.738938648773207], [39.73730089654199, 9.727477039680812], [39.73323019716564, 9.722719963537616], [39.729942488070066, 9.715878300183943], [39.72938475537507, 9.709460052684598], [39.73342413202543, 9.700596754450478], [39.736383249825, 9.691775430524878], [39.73495517984146, 9.681850593047374], [39.7318279747645, 9.677489421112565], [39.73162353339524, 9.672283778279512], [39.734209655747016, 9.666682077077809], [39.733976117348114, 9.660600618410102], [39.73429309858431, 9.655391078883198], [39.733606636955585, 9.649521218590634], [39.73364351996719, 9.643809111039358], [39.7320759504016, 9.63856491897178], [39.73031244250389, 9.630253750129787], [39.73052531959301, 9.621632097768703], [39.7281167079868, 9.612735150906047], [39.72116550325417, 9.608917275720373], [39.71448482183397, 9.608229871553648], [39.70895487056621, 9.60860255792423], [39.70221217566909, 9.60433518178478], [39.69852808271064, 9.595886551537475], [39.695461206515304, 9.587290830331078], [39.69286959774401, 9.579796010123987], [39.6867654080796, 9.574551507669236], [39.68058096765317, 9.569598229564127], [39.677275746867416, 9.56007450869041], [39.676130229240066, 9.553944803002246], [39.675211193216256, 9.547147572278812], [39.67456648967139, 9.540932330288106], [39.672958763857665, 9.53416447717784], [39.67112233799647, 9.52573645428665], [39.66765513349807, 9.520589388617427], [39.66338548434402, 9.516582777469944], [39.65832067061315, 9.514138020450957], [39.65470988155606, 9.50913281656371], [39.651163578488806, 9.500960728191638], [39.6500826682249, 9.491796380823974], [39.653153050462414, 9.48539576743294], [39.65663561646252, 9.480256039649658], [39.65621964770447, 9.47413971951463], [39.65014254656993, 9.467930526839002], [39.64723944047536, 9.463345820738601], [39.65497146074463, 9.46135187438246], [39.66136312009261, 9.456691108688968], [39.667114588819146, 9.453425036116595], [39.67263287725809, 9.448683513369325], [39.67844317838697, 9.44473875085339], [39.68354462621274, 9.440686918281948], [39.68826297685048, 9.435968062990426], [39.69550588924765, 9.430271282591564], [39.700242329772905, 9.426740905989446], [39.70881225404918, 9.420367927336553], [39.71444082014794, 9.416400669415273], [39.7196470933295, 9.410388926898507], [39.727666625169476, 9.4031540167279], [39.73175992988533, 9.396013403782964], [39.73671044376486, 9.389939381433024], [39.74066519218832, 9.385305226948283], [39.743868494278914, 9.380658005786719], [39.74749072968913, 9.374571037199855], [39.750687677862416, 9.370224673251426], [39.79234114772906, 9.37082907237286], [39.786054743136766, 9.396614392943082], [39.80066220139784, 9.400683985918732], [39.80808519372122, 9.413846661505373], [39.822318834543026, 9.418445441485954], [39.82963003332958, 9.415456995680508], [39.857637415328675, 9.40442904010213], [39.8674922409513, 9.400941609792046], [39.87375592467499, 9.398770393628853], [39.87951008709171, 9.401417202851134], [39.87527190616257, 9.408757808884388], [39.87550574095674, 9.41451116522569], [39.87227655789334, 9.442609511295615], [39.873961241137394, 9.44784350364032], [39.87339008251375, 9.460262736436784], [39.84869498008276, 9.482207274227367], [39.83838941512853, 9.502896832296676], [39.847962211538494, 9.511713265159518], [39.84877537017033, 9.52620507337618], [39.8581882947911, 9.548078554459186], [39.85763223322177, 9.557491474334661], [39.84844252804929, 9.565284357426476], [39.854498908182755, 9.568003088468453], [39.87801125442279, 9.57756048335792], [39.87873538120714, 9.583954856660638], [39.88234433382626, 9.594004822844402], [39.88466042016878, 9.611621346838438], [39.88019276253699, 9.625236789761175], [39.87000045197259, 9.641511241010404], [39.8624621370642, 9.652574562626615], [39.85852700390422, 9.65613606699497], [39.85078342546182, 9.688706756101881], [39.85354296168582, 9.699662224906797], [39.849317030778046, 9.709676562080928], [39.83999173608105, 9.724538081560194], [39.84595980809405, 9.73724630449434], [39.850638539918094, 9.749335024977427]]]}}, {"type": "Feature", "properties": {"name": "Hagere Mariam", "id": "NS_HM", "sourceName": "Angolelana Tera", "sourceID": "50319843B42721799230060", "matchDistance": 0.158631, "center": [39.4, 9.6]}, "geometry": {"type": "Polygon", "coordinates": [[[39.63571028855694, 9.466381845115805], [39.63230326444802, 9.472725332634681], [39.631053885612396, 9.484262814183905], [39.63292294736632, 9.492168902225645], [39.63273024734903, 9.499540115300517], [39.63168159546813, 9.507655232940051], [39.63042384342951, 9.513862187696311], [39.6285725774782, 9.520239297792994], [39.630500329764565, 9.53003810059387], [39.632420766279395, 9.536873134220642], [39.6328618065187, 9.542321147715217], [39.633485859094435, 9.54916653652168], [39.63556321500498, 9.558974529811685], [39.63653528107211, 9.56664771813393], [39.63757277392079, 9.57589497563447], [39.639576202094084, 9.583779681628348], [39.64346584255894, 9.590918777338354], [39.64492791598868, 9.597417193027264], [39.640255976590275, 9.600991066410606], [39.632155213139775, 9.599872415427177], [39.625779497036504, 9.595785536412476], [39.62016271766692, 9.590029601569556], [39.61403255447685, 9.590035257521839], [39.607943393737365, 9.590272184179671], [39.602279995527475, 9.5908597448368], [39.59641039157906, 9.593889684239343], [39.58860320672672, 9.598347900836531], [39.58296837402525, 9.598932877276633], [39.57766490687457, 9.596727100416585], [39.57206399002626, 9.600235817688748], [39.569441611356645, 9.605039404688284], [39.5639691082751, 9.606754881206129], [39.559800507248454, 9.602305697146432], [39.55422500232308, 9.597887689499306], [39.55255208096719, 9.589544534111083], [39.546956853884986, 9.582685379987222], [39.54026587825142, 9.581468314058824], [39.53440037556627, 9.579057640519], [39.52891721476898, 9.576183173907335], [39.523729818940325, 9.574768326461895], [39.51762913044905, 9.569796923925253], [39.51348259276322, 9.574275422728828], [39.507812968239385, 9.572906906257321], [39.50173505638275, 9.569873073173726], [39.495315033530105, 9.569589681105848], [39.4891427073702, 9.570546793689003], [39.48435155838535, 9.577696342505808], [39.4824516536793, 9.586607486194305], [39.472405273269, 9.5891056908994], [39.46569729148141, 9.585869637188582], [39.46579961748952, 9.592958807969325], [39.46308597072416, 9.598084367349818], [39.45880509274429, 9.604271644503442], [39.451592628525134, 9.604086760520206], [39.44576213898575, 9.603941469225452], [39.44168576961348, 9.608960283240664], [39.43649892606428, 9.610686252267165], [39.42938893097746, 9.609646313888685], [39.42241860658835, 9.605625022146828], [39.41550931164417, 9.60038760524851], [39.41060716447766, 9.59722491089991], [39.40654782006681, 9.593137008265659], [39.40167312060016, 9.586566151518454], [39.39479678391497, 9.581118169462705], [39.389851414326074, 9.576994992196862], [39.38441358174821, 9.581322054416747], [39.37878394520084, 9.581155789879379], [39.379381210238954, 9.574085122626066], [39.37732712751931, 9.568327640907942], [39.373477255497505, 9.565031453154061], [39.37017255269841, 9.558751193371267], [39.36666743350889, 9.553901641576896], [39.36145775763883, 9.547058274774482], [39.35369890228735, 9.550196370513316], [39.34856025487893, 9.548605535593254], [39.342253778705725, 9.54638722722544], [39.33919262221413, 9.542251647077366], [39.335076819604375, 9.534399862768817], [39.33054633243213, 9.527554161130299], [39.32379519319163, 9.526730456481715], [39.318996512911795, 9.530398728224128], [39.31379212097584, 9.5365560646752], [39.30953912420196, 9.531779724559946], [39.30298540765749, 9.523693806655297], [39.30339600748419, 9.512994636171731], [39.306043568224595, 9.506242838677945], [39.300388740039594, 9.503763086424582], [39.29447356702844, 9.50159247679297], [39.294946869068, 9.492740759074835], [39.30191536571877, 9.488787740650482], [39.304898747170945, 9.48213665020616], [39.30638125089701, 9.474744795288014], [39.31054383123831, 9.468682811856425], [39.3157022985096, 9.468006182016834], [39.32444421539611, 9.470982540330269], [39.332411943135, 9.473997232401045], [39.339419639914794, 9.475782038185754], [39.34462976537174, 9.47330223294321], [39.351239940276095, 9.472962230789168], [39.356470090742015, 9.475235334044536], [39.36393528982409, 9.47486199693155], [39.370270437973545, 9.470938982997252], [39.375923909170375, 9.468059209970885], [39.37777698558339, 9.464290788497049], [39.3741938162797, 9.458996687445083], [39.37376377519828, 9.4531672068741], [39.37359440849573, 9.447834346837697], [39.379253891201294, 9.447084386976009], [39.388754581307126, 9.450787759250687], [39.39478101865034, 9.456051512876837], [39.40613629775355, 9.451265546633635], [39.412106442760624, 9.448484096649329], [39.41920160566461, 9.442961219732622], [39.42542174613142, 9.43812895037596], [39.43117988410678, 9.434881207883837], [39.43858041467803, 9.43514014653404], [39.44856067002449, 9.433496077172984], [39.450177344409155, 9.426279208326449], [39.448487267385275, 9.419811460122506], [39.443942121827334, 9.415386875537763], [39.44808220885754, 9.410477290063842], [39.450422245926, 9.405717701948342], [39.454729485716435, 9.402209419608397], [39.45309726319455, 9.394923645561942], [39.4494471436379, 9.390731535095215], [39.4464978923075, 9.384915299713843], [39.4413395910202, 9.382398949647632], [39.42679065755215, 9.380424604597598], [39.42126336299064, 9.372461973713952], [39.41273989971135, 9.375460576230067], [39.40472137424865, 9.381446892450423], [39.3957056150829, 9.392913070257705], [39.37713694993823, 9.38496419888971], [39.37386761025769, 9.376749307269113], [39.35755869690332, 9.370042156215979], [39.347536403579625, 9.379515845209262], [39.338007874220295, 9.381517501565773], [39.325969294365905, 9.381528903877225], [39.32094720258795, 9.375058410566401], [39.32043775961622, 9.366591397736657], [39.307396940565994, 9.367101152773476], [39.303877513752276, 9.357640547588419], [39.293839676072864, 9.350177763623128], [39.292320282289424, 9.332745913183322], [39.286288665434505, 9.316811998967648], [39.279132496983415, 9.313265523141007], [39.265266898692545, 9.325205757120157], [39.26705635378703, 9.289469672881516], [39.28558152270366, 9.278556222198143], [39.29156121570475, 9.276876648774037], [39.2947596562074, 9.270887779811076], [39.29739154347759, 9.265710694831828], [39.30126495758955, 9.260238229907804], [39.30377198367301, 9.25541392517138], [39.30817345463862, 9.24964149220333], [39.31542110232475, 9.244988617141297], [39.32158973490628, 9.243692330821892], [39.32878939675971, 9.241698042667114], [39.335187590263594, 9.244248416674159], [39.341194479364056, 9.247973249580024], [39.346169070714474, 9.251122052952969], [39.35141849444783, 9.254566273181267], [39.357332692304375, 9.25984819347562], [39.361483006302656, 9.266725870938586], [39.36473583943562, 9.274616905350067], [39.368052633622085, 9.279446865173384], [39.372272698967244, 9.2864310481676], [39.379494610711774, 9.294683712734322], [39.385731016307815, 9.300083371511036], [39.391717233821886, 9.303585187543403], [39.396452784393674, 9.31012645400966], [39.401670658831826, 9.312595265561157], [39.40841744549192, 9.31727519269757], [39.4166438759007, 9.317772265122924], [39.42357601370229, 9.31641703484895], [39.43211744622944, 9.316949986474976], [39.44248155477702, 9.316014036489552], [39.45203460130143, 9.318734028513024], [39.459454370555, 9.316537610603502], [39.469163951168134, 9.317954822465927], [39.47058680679676, 9.323806575774062], [39.4714813657835, 9.330697404186132], [39.46828971250397, 9.336922388927944], [39.4631200041838, 9.341179585086754], [39.45892473597543, 9.345439688285149], [39.46519802956503, 9.349449792522659], [39.47295411052983, 9.347466805244613], [39.48342496521878, 9.346508559313087], [39.491689790280205, 9.346140384899659], [39.49772807417253, 9.353244039601757], [39.50761323640254, 9.349774381508071], [39.51428915588755, 9.348090998028363], [39.52032382871957, 9.350466923154691], [39.52600174006714, 9.352541543593805], [39.52472298501177, 9.358237877785799], [39.5197498660907, 9.361020655507453], [39.514592584113394, 9.365248806199393], [39.52149911676539, 9.368365661260126], [39.522476850514515, 9.376469270154148], [39.522788060520355, 9.383341824625116], [39.52029851759685, 9.38787143521071], [39.51818412300222, 9.395046958099275], [39.524562195053534, 9.400578910083063], [39.52914679552634, 9.396300641599643], [39.53175733818927, 9.390942854291316], [39.533920904387, 9.385559179524991], [39.53825424888592, 9.388625028120904], [39.543791725080126, 9.38454621217943], [39.55071785060389, 9.39252603546602], [39.55547067655211, 9.398998103220528], [39.561462190590966, 9.403208866275317], [39.56808470606652, 9.40439289425566], [39.57306648454451, 9.40037005946972], [39.578394056697036, 9.400742785310545], [39.58144449754454, 9.408247268014245], [39.5835306460019, 9.416710255682275], [39.589136898993445, 9.422363100135266], [39.596046572592705, 9.428569938863234], [39.60031239140084, 9.436107831167586], [39.60270582640481, 9.44342725164351], [39.603854061899426, 9.450845920487057], [39.608062297801055, 9.455479087668623], [39.61179481515124, 9.459082648503209], [39.618535019697404, 9.46393934979568], [39.627456017189466, 9.466086696351796], [39.63571028855694, 9.466381845115805]]]}}, {"type": "Feature", "properties": {"name": "Moretena Jiru", "id": "NS_MJ", "sourceName": "Tarema Ber", "sourceID": "50319843B25258723162219", "matchDistance": 0.303651, "center": [39.5, 9.8]}, "geometry": {"type": "Polygon", "coordinates": [[[39.850638539918094, 9.749335024977427], [39.85744489544634, 9.753554709870231], [39.86300505331565, 9.754934554505438], [39.876665408705534, 9.75378458674274], [39.919026472238414, 9.742735342264226], [39.924586606763725, 9.741125452038707], [39.93291681278888, 9.73789569687483], [39.93962697924109, 9.735825842369696], [39.94494710919657, 9.734215960986385], [39.949807226994075, 9.732376095968224], [39.95559737655305, 9.731226170638804], [39.96682599520677, 9.730877948663807], [39.974397867439336, 9.73020616110163], [40.01023769496049, 9.733833658722293], [40.01463474127238, 9.738544186286518], [40.006782936897295, 9.741998632176124], [40.00270002563756, 9.748907462036748], [39.99202159339494, 9.757700547145628], [39.99429676543277, 9.76457929937215], [39.98908928609702, 9.767916920850059], [39.98499447223125, 9.771287790810582], [39.98900169643719, 9.783086621154235], [39.986112410819466, 9.797840430538903], [39.98073245498654, 9.799443049169748], [39.976225351445294, 9.802552057705178], [39.968147950113604, 9.808172061530561], [39.9544544242374, 9.817699588917653], [39.95662989886515, 9.827219956226966], [39.94761460034663, 9.832416584450755], [39.941026449560994, 9.835322025641098], [39.93078549889758, 9.838569679292007], [39.91418305002459, 9.845649989708946], [39.91543935433959, 9.85684821512063], [39.9254118225765, 9.85825920371404], [39.93016887102761, 9.866762050662778], [39.93455954366718, 9.87542407148789], [39.92648173447213, 9.884888182531217], [39.91615166863634, 9.894299324065242], [39.91048541533366, 9.899658104102953], [39.90250964162756, 9.902103431502034], [39.892168520864836, 9.905051840541631], [39.88713761840685, 9.905990821393589], [39.88067288122973, 9.90784810850106], [39.87316269640753, 9.90945591514222], [39.86945299113704, 9.91908822766885], [39.86634161508328, 9.92519069133385], [39.86382858262487, 9.930694872360482], [39.86506509883036, 9.935861705343521], [39.862153271935405, 9.942181840153642], [39.853474818179045, 9.946160106497723], [39.84550703103222, 9.951346886475772], [39.83739980606156, 9.955773783535173], [39.82619356410292, 9.95448237296542], [39.81799909692959, 9.952526336159643], [39.80781977261626, 9.946959070839453], [39.79975149271875, 9.94623193246306], [39.789916976292446, 9.948838291165371], [39.78202415485153, 9.952355428119805], [39.77641537915765, 9.949559000515299], [39.77400622963266, 9.94355439677016], [39.77147536478606, 9.93872450740193], [39.767148052916454, 9.933633654713269], [39.76456260663195, 9.9269860780751], [39.759310369125544, 9.92212779480856], [39.75077699716194, 9.91889045071309], [39.745308462359866, 9.916091540474275], [39.739672530869214, 9.915544858157975], [39.73965794530885, 9.92537882954093], [39.74253713579571, 9.930843245720565], [39.74285784687411, 9.937491987601993], [39.739498783804926, 9.942309578161328], [39.738668866287405, 9.949068761965652], [39.73755196763771, 9.95900976037785], [39.73975999288001, 9.963922028980553], [39.7434658231265, 9.968258392115082], [39.74867682552242, 9.973226026515942], [39.75190553417544, 9.977253307039502], [39.7562932011971, 9.98658229531291], [39.75925685343953, 9.992050514428199], [39.762916785653424, 9.99755684487134], [39.76463300463044, 10.00474999521022], [39.762734058518916, 10.012377621290504], [39.75500993984833, 10.01186640801347], [39.75200837403212, 10.01909720650205], [39.75291319987815, 10.02540208870763], [39.75708846607425, 10.03169467418498], [39.765377321755025, 10.035555831693634], [39.76978863136378, 10.040193229371626], [39.77172493736634, 10.047125062624236], [39.76556071828977, 10.053360340757783], [39.765464609401405, 10.061335853720292], [39.75913936686391, 10.06622510337934], [39.752395056388764, 10.065277974830042], [39.74690161754014, 10.060928782722101], [39.74126344812386, 10.054407957712206], [39.73928976850522, 10.049417277138328], [39.73445747186507, 10.043268915478857], [39.7242586780844, 10.042427529319452], [39.714376658745465, 10.041496165073724], [39.70766746022007, 10.038066255981356], [39.70270564257864, 10.03472791256951], [39.699161860802015, 10.031052590931537], [39.692679006482635, 10.028454189082654], [39.68761236076787, 10.026552385932563], [39.680734665875704, 10.024536934811078], [39.6752292621409, 10.023425730092097], [39.6674747229072, 10.021559651399834], [39.661425612350534, 10.017850298733698], [39.656785220047446, 10.014538867544237], [39.648811946902164, 10.00951106243998], [39.651335265831634, 10.003861592958744], [39.656483251076224, 9.998859259487022], [39.66222184027194, 9.994689348277662], [39.66814315635869, 9.993090886140205], [39.67492201947698, 9.995826289634746], [39.680851517964996, 9.99701804087372], [39.68584851697439, 9.99532678909367], [39.69337261732447, 9.994691180163118], [39.700048633714346, 9.992962171972083], [39.706086049596856, 9.991270747764933], [39.70764029571688, 9.985558538189272], [39.70682123135302, 9.977860474790445], [39.707598749992556, 9.969782534774584], [39.70278711894961, 9.96336490805942], [39.69887529264568, 9.959362533933152], [39.69439548909871, 9.95615975905573], [39.6894661666496, 9.951763758381718], [39.691902035940636, 9.946401471108334], [39.69129919829468, 9.939827629010228], [39.69044303938166, 9.932891097295764], [39.6821046681606, 9.931528342566004], [39.68294667516054, 9.9240576674428], [39.68487995069236, 9.919308161925725], [39.68663054566007, 9.911724165198102], [39.68977267600964, 9.903942105915378], [39.695359263163745, 9.902336486488078], [39.70077594348509, 9.899051766682934], [39.706197466963935, 9.900435872414041], [39.7112959598517, 9.902951793388175], [39.7186822379617, 9.902109232049908], [39.71974239566396, 9.894204848363897], [39.72205457896496, 9.888728021581125], [39.726405091857494, 9.8828282283758], [39.73266236474273, 9.877438308816247], [39.739678804237684, 9.873540161616013], [39.743297214452774, 9.864190721324928], [39.74426055263168, 9.856049643365367], [39.74407520386454, 9.846968490340599], [39.74319868619389, 9.840065226601395], [39.738057341343755, 9.833913712737797], [39.73901365055546, 9.828294199695332], [39.73632603660826, 9.820515655042875], [39.734105932442354, 9.812162408150511], [39.73193333149798, 9.80415488040473], [39.73030924135847, 9.795494907975337], [39.73137309693688, 9.78547251137799], [39.73394941092849, 9.77806485323206], [39.73592309560394, 9.771645079123942], [39.73642774684738, 9.76626672109911], [39.73342012627423, 9.758607041824247], [39.72527004287705, 9.752449506520307], [39.72255726185299, 9.744584719164848], [39.7238890667937, 9.738875518852392], [39.72861453211832, 9.733870264154907], [39.72967000660096, 9.723797027843654], [39.73323019716564, 9.722719963537616], [39.73730089654199, 9.727477039680812], [39.742401240290896, 9.738938648773207], [39.74482827723946, 9.74576744155731], [39.74752411609181, 9.751423813558867], [39.75523786778897, 9.758541080965218], [39.763752249060005, 9.761941452367498], [39.77205068698917, 9.760949783463285], [39.78019101973263, 9.763389090135258], [39.786169898680086, 9.76302458547698], [39.792381786549, 9.762344900483573], [39.798598436759, 9.765024705989122], [39.80391780987742, 9.762467531037858], [39.81300389768031, 9.763676295041654], [39.81868752858315, 9.763718581047998], [39.82474764397563, 9.762654910329674], [39.832675805479184, 9.760243668022829], [39.843990747493464, 9.755118692487398], [39.850638539918094, 9.749335024977427]]]}}, {"type": "Feature", "properties": {"name": "Minjar Shenkora", "id": "NS_MS", "sourceName": "Argoba Special", "sourceID": "50319843B14450082588036", "matchDistance": 0.297172, "center": [39.65, 9.7]}, "geometry": {"type": "Polygon", "coordinates": [[[39.750687677862416, 9.370224673251426], [39.75156902281528, 9.36193507288749], [39.75485107721906, 9.355711609561554], [39.77110956214253, 9.333867803875952], [39.77443423944187, 9.325287416289301], [39.79000327750797, 9.305234887369789], [39.81757563954306, 9.308682528308218], [39.82349444509301, 9.311147831189434], [39.828522008850385, 9.313437919589035], [39.83472034046178, 9.315768129046537], [39.84499952131075, 9.315196980002836], [39.86086191360935, 9.308141098334184], [39.867024303718374, 9.297935393850059], [39.898673587111425, 9.299334897258229], [39.91496417489091, 9.329662108794349], [39.91454427853739, 9.352530080184863], [39.91350432411029, 9.365918890053534], [39.92221463648428, 9.382477374990936], [39.9342250000529, 9.391196532450643], [39.947895390643446, 9.39600603920559], [39.959905746002164, 9.40472519654336], [39.966716015120454, 9.42140367916618], [39.96960616839142, 9.436432322627544], [39.974516393970475, 9.453240800681453], [39.98462670585989, 9.462089960995646], [39.99118694472845, 9.47497878268622], [39.98672692970578, 9.494307080972272], [39.977846752575466, 9.504406235160305], [39.97288668285779, 9.516155213409762], [39.970326712619354, 9.535363512567157], [39.97130682390327, 9.550522160698838], [39.960656606281326, 9.562641139225686], [39.949996388365896, 9.57477011592883], [39.94136623429514, 9.588658923668872], [39.93512618065394, 9.610007060861722], [39.93623630370383, 9.627065534671354], [39.94163657984454, 9.651453341206981], [39.95298702836592, 9.679250802958245], [39.954467188711725, 9.701988779298517], [39.961647497657864, 9.724356747154658], [39.96682599520677, 9.730877948663807], [39.95559737655305, 9.731226170638804], [39.949807226994075, 9.732376095968224], [39.94494710919657, 9.734215960986385], [39.93962697924109, 9.735825842369696], [39.93291681278888, 9.73789569687483], [39.924586606763725, 9.741125452038707], [39.919026472238414, 9.742735342264226], [39.876665408705534, 9.75378458674274], [39.86300505331565, 9.754934554505438], [39.85744489544634, 9.753554709870231], [39.850638539918094, 9.749335024977427], [39.84595980809405, 9.73724630449434], [39.83999173608105, 9.724538081560194], [39.849317030778046, 9.709676562080928], [39.85354296168582, 9.699662224906797], [39.85078342546182, 9.688706756101881], [39.85852700390422, 9.65613606699497], [39.8624621370642, 9.652574562626615], [39.87000045197259, 9.641511241010404], [39.88019276253699, 9.625236789761175], [39.88466042016878, 9.611621346838438], [39.88234433382626, 9.594004822844402], [39.87873538120714, 9.583954856660638], [39.87801125442279, 9.57756048335792], [39.854498908182755, 9.568003088468453], [39.84844252804929, 9.565284357426476], [39.85763223322177, 9.557491474334661], [39.8581882947911, 9.548078554459186], [39.84877537017033, 9.52620507337618], [39.847962211538494, 9.511713265159518], [39.83838941512853, 9.502896832296676], [39.84869498008276, 9.482207274227367], [39.87339008251375, 9.460262736436784], [39.873961241137394, 9.44784350364032], [39.87227655789334, 9.442609511295615], [39.87550574095674, 9.41451116522569], [39.87527190616257, 9.408757808884388], [39.87951008709171, 9.401417202851134], [39.87375592467499, 9.398770393628853], [39.8674922409513, 9.400941609792046], [39.857637415328675, 9.40442904010213], [39.82963003332958, 9.415456995680508], [39.822318834543026, 9.418445441485954], [39.80808519372122, 9.413846661505373], [39.80066220139784, 9.400683985918732], [39.786054743136766, 9.396614392943082], [39.79234114772906, 9.37082907237286], [39.750687677862416, 9.370224673251426]]]}}, {"type": "Feature", "properties": {"name": "Efratana Gidim", "id": "NS_EG", "sourceName": "Siya Debirna Wayu", "sourceID": "50319843B50164426758052", "matchDistance": 0.177529, "center": [39.35, 9.85]}, "geometry": {"type": "Polygon", "coordinates": [[[39.00771213623949, 9.839874655516923], [39.00496848476992, 9.834901595850809], [39.0064553980788, 9.82795144527884], [39.00993188603875, 9.822021709469512], [39.014145979900206, 9.818155806988361], [39.01492730097791, 9.811713261911109], [39.01361885633667, 9.806228991616107], [39.01166606654272, 9.799448529481959], [39.0083538654664, 9.793883537723461], [39.002595756337996, 9.789105560890798], [39.002764930104995, 9.782285816157959], [39.00851027908658, 9.776226298031919], [39.006901348414075, 9.76578694551646], [39.00594783066043, 9.758009293456913], [39.00532622489101, 9.751574609992256], [39.0130461833284, 9.753181112748411], [39.01743663027043, 9.758702602721218], [39.02446312011837, 9.75883405520292], [39.03141979606335, 9.75646139669657], [39.035815501202485, 9.753782345273834], [39.03684717182637, 9.747991542492565], [39.04383319098624, 9.75182482768924], [39.05129865580225, 9.754413977671959], [39.05963621395898, 9.754447099634499], [39.06972327518092, 9.753934010350681], [39.07738453145116, 9.755561327536848], [39.08293969371351, 9.75795550430208], [39.087958102277916, 9.762487411580706], [39.09306137293536, 9.76405749728337], [39.09823186285446, 9.759220399101302], [39.102621589578234, 9.756032033415986], [39.10538020245383, 9.749573912142633], [39.098251991244375, 9.74479823391841], [39.0985340036036, 9.736421163769887], [39.10377643606891, 9.734678691484282], [39.110451809992, 9.733455366595617], [39.117847919262594, 9.734256036596442], [39.12353997470797, 9.735919281639115], [39.128325822257146, 9.739510073678787], [39.134319498229004, 9.74236412378881], [39.14015159023592, 9.74163677323671], [39.14388630032001, 9.736295415511192], [39.145744907137406, 9.729622693051935], [39.14517654173514, 9.721689660763802], [39.1485929984042, 9.716338687631556], [39.14680470673547, 9.709421746750849], [39.14716313232933, 9.701204535084262], [39.14622339339613, 9.694328576156845], [39.14994299210391, 9.691752856892533], [39.15653999263373, 9.689677840862306], [39.16263199034845, 9.689761219846082], [39.167116630466474, 9.693666767990255], [39.17507693890415, 9.695832202090154], [39.179484588451935, 9.690269982364862], [39.184874447599405, 9.686740499533128], [39.185124371347534, 9.694884651868126], [39.18495639929003, 9.701134349787928], [39.18540969506169, 9.707663869763724], [39.18436550861267, 9.715817353010404], [39.185022420171684, 9.721042531596952], [39.19142325056929, 9.719425031405608], [39.19820190696508, 9.717333075620683], [39.200975695649944, 9.7097168656724], [39.205744907843844, 9.707537677675662], [39.20948686404607, 9.711890873108368], [39.21224300663217, 9.70572810498128], [39.21760106934961, 9.70937928710397], [39.22434640036835, 9.70619070258558], [39.22585934192298, 9.699892552257888], [39.22891379699012, 9.694694472274413], [39.233659619895846, 9.700143190144074], [39.239875936782425, 9.70337257323296], [39.245623788256346, 9.702803144412568], [39.25075724211583, 9.705888294696114], [39.25317112841777, 9.713367211767013], [39.256050260870246, 9.720777949410648], [39.25854055289615, 9.72554851402323], [39.260901091176535, 9.730289382455046], [39.2644387995597, 9.736202674166783], [39.26896951166357, 9.740720317282534], [39.274402245500525, 9.738422093192304], [39.28124361599748, 9.734165517916697], [39.28843627154076, 9.734943329104423], [39.2902436783261, 9.739764893233547], [39.29259307457373, 9.74611071912939], [39.29870792536533, 9.749010439979484], [39.30396582818374, 9.746986728411851], [39.30895161256191, 9.744994171567138], [39.31200262895134, 9.73963333032592], [39.314202298896916, 9.732415626340435], [39.32130380978756, 9.725104018889105], [39.3296250638055, 9.725347363837505], [39.33599435081991, 9.72682164048363], [39.34263825977789, 9.72843909567641], [39.34756983658022, 9.726120898383467], [39.35242921618281, 9.733314748385524], [39.35328046861897, 9.738621977617454], [39.35478074054413, 9.744666527808937], [39.35822367012243, 9.750142459920307], [39.360789936309715, 9.759022711541265], [39.369953515301646, 9.769841176733705], [39.3743058875721, 9.776062977055219], [39.37322607686291, 9.782190155880837], [39.374668740890954, 9.788193858733157], [39.376734321334766, 9.79559451642496], [39.37145249632319, 9.798178633741474], [39.36729632239753, 9.802029480989846], [39.363783804936105, 9.807104949670064], [39.36059235281104, 9.813570592911645], [39.35746582708457, 9.821445895303958], [39.35115815126574, 9.828075632434158], [39.34427646940777, 9.832091722743918], [39.33786078646838, 9.834595249285485], [39.33121528599916, 9.83660460546855], [39.32358552454438, 9.83958959457739], [39.31759673445234, 9.845803661559202], [39.31265761026484, 9.85044022654605], [39.307762508176495, 9.856090626966614], [39.30532122261495, 9.861814008055353], [39.30146539461546, 9.866753215689412], [39.29261207935883, 9.86777737935216], [39.28459253593021, 9.868955066428619], [39.27784127299892, 9.869235492832669], [39.27183769301533, 9.86888972193721], [39.26686825250996, 9.873993878697869], [39.26595575603287, 9.879311413158877], [39.26552310581328, 9.884587420619905], [39.255962450194474, 9.881813943203742], [39.248306951848534, 9.880150013320057], [39.23978075255791, 9.87946302833771], [39.2292648533435, 9.879558289547987], [39.221406554719024, 9.878952925443063], [39.216719407549675, 9.874942637551362], [39.21185025546475, 9.870936934159944], [39.20588135477766, 9.866093429380642], [39.20204755073611, 9.858492585151106], [39.20947222758123, 9.85886336464501], [39.21576162236037, 9.857355643249418], [39.22255874327132, 9.861374849809216], [39.22846696819319, 9.858005742155026], [39.23442264382525, 9.856321432035664], [39.23696339743777, 9.850856474322656], [39.23249884267516, 9.8451838560056], [39.223023158070696, 9.84270562434832], [39.218121710834964, 9.830233503544594], [39.216365880685295, 9.823976066583144], [39.2134777392288, 9.818631303984446], [39.20774904634726, 9.813825958555249], [39.201888459600006, 9.812567455996195], [39.19435762093425, 9.815778904743656], [39.18891801354409, 9.815382050901789], [39.184134009511666, 9.813645495781484], [39.17656883436747, 9.812849671486166], [39.168631591823704, 9.813643575565422], [39.16070870951061, 9.814895030434185], [39.153396692178674, 9.81845719853114], [39.1487775659534, 9.82514193462358], [39.141272952708505, 9.826209003341685], [39.135373123928815, 9.830224107423433], [39.130415372730766, 9.83511893770977], [39.12641661651493, 9.838487659796167], [39.11958703589003, 9.839200031830595], [39.10982807974869, 9.837498540974282], [39.10156723747955, 9.835021426754844], [39.09436332381705, 9.834020695589281], [39.08892224427402, 9.833366387929994], [39.081309534225625, 9.832477421887523], [39.07538837217927, 9.832066488758219], [39.069551606038054, 9.830416997420494], [39.06250717509031, 9.828932497935124], [39.05595027579853, 9.828894756943743], [39.04639897469435, 9.829192523249247], [39.03862304651423, 9.832173299430778], [39.0326699800786, 9.834318840194694], [39.02554810174437, 9.833811754439964], [39.019205203414195, 9.83504784401262], [39.01436255088867, 9.837328067136088], [39.00771213623949, 9.839874655516923]]]}}, {"type": "Feature", "properties": {"name": "Asagirt", "id": "NS_AS", "sourceName": "Moretna Jiru", "sourceID": "50319843B20883897248003", "matchDistance": 0.160074, "center": [39.3, 9.9]}, "geometry": {"type": "Polygon", "coordinates": [[[39.264227114452886, 10.101067109825584], [39.26000275519322, 10.096822951870513], [39.257000051566486, 10.092641437924096], [39.25120548774573, 10.091297487147088], [39.24405129576284, 10.091416514255561], [39.23608741772392, 10.092139825706406], [39.22873787487594, 10.090083712838748], [39.22024389086975, 10.08912559307607], [39.21282842558309, 10.086400123265967], [39.205217217440534, 10.085881209054367], [39.198245377094786, 10.08869949679879], [39.19158450352833, 10.083740136764897], [39.18707191995048, 10.07527524230393], [39.1796961232568, 10.072634347541957], [39.17623574486962, 10.063968370046108], [39.171049685986524, 10.065825411356954], [39.17037462844478, 10.058465065740277], [39.16405342477954, 10.052188278636436], [39.157970426843846, 10.052275260830596], [39.1518883485879, 10.052780914576031], [39.14580415667868, 10.047574156333363], [39.14143808943285, 10.04154096307557], [39.13491080661961, 10.037147135250775], [39.12803626112903, 10.035399375733906], [39.12492092103865, 10.031108471195214], [39.12023209240743, 10.024439918337473], [39.11437077733022, 10.018599256105418], [39.1056494601364, 10.017339687967343], [39.09927512490478, 10.011729483867654], [39.09672326323672, 10.006853660908696], [39.09371641865173, 10.001202443202073], [39.08635185782194, 9.99578029322805], [39.08323096091846, 9.989174226844257], [39.07837910343208, 9.983960522500913], [39.074438970631334, 9.9789022757226], [39.070715316963174, 9.9734716791473], [39.064593952768945, 9.971888231332112], [39.054798287468515, 9.970384576194606], [39.048504846419405, 9.966528574207361], [39.041354445392216, 9.958762463404257], [39.0372427941226, 9.954291014093965], [39.033536250107375, 9.949083692291717], [39.02872337486112, 9.946854580990745], [39.022589415396986, 9.946537973818861], [39.015824356105405, 9.946235410471253], [39.00921007015853, 9.941718051998695], [39.00244845271399, 9.938350050740675], [38.9976904789029, 9.936138186644728], [38.99286465045864, 9.930165822689847], [38.99065006561803, 9.925317345812635], [38.985104799059265, 9.922174717939868], [38.97802194196719, 9.919277027040982], [38.96784131150123, 9.91836654248933], [38.96211550070896, 9.917262869793632], [38.956203965528786, 9.917196780359944], [38.950806088198206, 9.912718328694348], [38.945797530438284, 9.911709942723798], [38.937867065140615, 9.911650488763383], [38.929275276961825, 9.908607016774265], [38.93254421111795, 9.903295253930283], [38.93923137719776, 9.900422640167738], [38.94271143680246, 9.893750128912021], [38.94470378539842, 9.88612487503955], [38.95050820028476, 9.881296755778934], [38.955746034210684, 9.876524334481138], [38.95983845384184, 9.871824895301453], [38.96405228365939, 9.86512988241862], [38.96940765963837, 9.861430965013554], [38.97368425590939, 9.85772257120054], [38.9797478137987, 9.851613780577201], [38.98659666012676, 9.848942781440842], [38.993903503411765, 9.848069071516688], [38.99860736839239, 9.845711672911754], [39.0029894726694, 9.842875568173694], [39.00771213623949, 9.839874655516923], [39.01436255088867, 9.837328067136088], [39.019205203414195, 9.83504784401262], [39.02554810174437, 9.833811754439964], [39.0326699800786, 9.834318840194694], [39.03862304651423, 9.832173299430778], [39.04639897469435, 9.829192523249247], [39.05595027579853, 9.828894756943743], [39.06250717509031, 9.828932497935124], [39.069551606038054, 9.830416997420494], [39.07538837217927, 9.832066488758219], [39.081309534225625, 9.832477421887523], [39.08892224427402, 9.833366387929994], [39.09436332381705, 9.834020695589281], [39.10156723747955, 9.835021426754844], [39.10982807974869, 9.837498540974282], [39.11958703589003, 9.839200031830595], [39.12641661651493, 9.838487659796167], [39.130415372730766, 9.83511893770977], [39.135373123928815, 9.830224107423433], [39.141272952708505, 9.826209003341685], [39.1487775659534, 9.82514193462358], [39.153396692178674, 9.81845719853114], [39.16070870951061, 9.814895030434185], [39.168631591823704, 9.813643575565422], [39.17656883436747, 9.812849671486166], [39.184134009511666, 9.813645495781484], [39.18891801354409, 9.815382050901789], [39.19435762093425, 9.815778904743656], [39.201888459600006, 9.812567455996195], [39.20774904634726, 9.813825958555249], [39.2134777392288, 9.818631303984446], [39.216365880685295, 9.823976066583144], [39.218121710834964, 9.830233503544594], [39.223023158070696, 9.84270562434832], [39.23249884267516, 9.8451838560056], [39.23696339743777, 9.850856474322656], [39.23442264382525, 9.856321432035664], [39.22846696819319, 9.858005742155026], [39.22255874327132, 9.861374849809216], [39.21576162236037, 9.857355643249418], [39.20947222758123, 9.85886336464501], [39.20204755073611, 9.858492585151106], [39.20588135477766, 9.866093429380642], [39.21185025546475, 9.870936934159944], [39.216719407549675, 9.874942637551362], [39.221406554719024, 9.878952925443063], [39.2292648533435, 9.879558289547987], [39.23978075255791, 9.87946302833771], [39.248306951848534, 9.880150013320057], [39.255962450194474, 9.881813943203742], [39.26552310581328, 9.884587420619905], [39.26413562573297, 9.891049061880976], [39.261901333098045, 9.895716631795734], [39.26144282496955, 9.902800240863932], [39.26136012638234, 9.90976132488747], [39.26080481561922, 9.916825591942258], [39.261699561896236, 9.927349600916488], [39.26153944925885, 9.93835621102398], [39.25973194486778, 9.946632538326622], [39.26011799858092, 9.954897837870973], [39.26436965929846, 9.963439892844217], [39.26959407000053, 9.971267377728225], [39.27688759807563, 9.977374289121043], [39.283482569135195, 9.981382138884998], [39.287382904182934, 9.98694252618793], [39.29259867382546, 9.994422177028273], [39.29677073556062, 10.00155468480305], [39.29940132636532, 10.008131460062915], [39.29902538681421, 10.018534669864998], [39.299781946274656, 10.025751527937933], [39.301464519863394, 10.031075547954869], [39.303816110160035, 10.03614658727235], [39.30637170876389, 10.04157609275034], [39.310471183426095, 10.047344228032191], [39.31593168640908, 10.051605488482819], [39.31641483315218, 10.06091232897991], [39.31242227703258, 10.07036576442182], [39.31026634192604, 10.077764204127385], [39.30368952325688, 10.0825434830982], [39.298414726355425, 10.084648575299232], [39.29439297076324, 10.088286025163551], [39.2875274441274, 10.086842688735215], [39.28165627118187, 10.08403526783358], [39.276727052478066, 10.091392718725245], [39.27082004341263, 10.096025465059233], [39.264227114452886, 10.101067109825584]]]}}, {"type": "Feature", "properties": {"name": "Ankober", "id": "NS_AN", "sourceName": "Kewet", "sourceID": "50319843B22145259273433", "matchDistance": 0.22142, "center": [39.7, 9.85]}, "geometry": {"type": "Polygon", "coordinates": [[[39.83236607809567, 10.193488369986897], [39.827603200317995, 10.193490147886727], [39.822335210944836, 10.190749254090921], [39.81613693108887, 10.182381196514521], [39.807145905301965, 10.179066040990245], [39.79952935223865, 10.17619017156245], [39.80425624136039, 10.170979356785086], [39.80536974914144, 10.163760759711813], [39.80261167197838, 10.15905200725995], [39.797699279776936, 10.157156702164615], [39.792649618657244, 10.152426649575249], [39.791868604944455, 10.146621646600924], [39.792998303371306, 10.139148825219745], [39.795559982398785, 10.129128366832923], [39.79404653696203, 10.1237501932369], [39.786743715683755, 10.124474997824684], [39.77785197440436, 10.121135910082561], [39.77344714551024, 10.11504657015603], [39.77060571340242, 10.104934332886357], [39.770200466934746, 10.098553551229006], [39.77728444221907, 10.095994738932523], [39.77555133805391, 10.08921135075467], [39.77331918025394, 10.081127732316164], [39.771468142750436, 10.074926636185083], [39.76949839104996, 10.067880943590161], [39.765464609401405, 10.061335853720292], [39.76556071828977, 10.053360340757783], [39.77172493736634, 10.047125062624236], [39.76978863136378, 10.040193229371626], [39.765377321755025, 10.035555831693634], [39.75708846607425, 10.03169467418498], [39.75291319987815, 10.02540208870763], [39.75200837403212, 10.01909720650205], [39.75500993984833, 10.01186640801347], [39.762734058518916, 10.012377621290504], [39.76463300463044, 10.00474999521022], [39.762916785653424, 9.99755684487134], [39.75925685343953, 9.992050514428199], [39.7562932011971, 9.98658229531291], [39.75190553417544, 9.977253307039502], [39.74867682552242, 9.973226026515942], [39.7434658231265, 9.968258392115082], [39.73975999288001, 9.963922028980553], [39.73755196763771, 9.95900976037785], [39.738668866287405, 9.949068761965652], [39.739498783804926, 9.942309578161328], [39.74285784687411, 9.937491987601993], [39.74253713579571, 9.930843245720565], [39.73965794530885, 9.92537882954093], [39.739672530869214, 9.915544858157975], [39.745308462359866, 9.916091540474275], [39.75077699716194, 9.91889045071309], [39.759310369125544, 9.92212779480856], [39.76456260663195, 9.9269860780751], [39.767148052916454, 9.933633654713269], [39.77147536478606, 9.93872450740193], [39.77400622963266, 9.94355439677016], [39.77641537915765, 9.949559000515299], [39.78202415485153, 9.952355428119805], [39.789916976292446, 9.948838291165371], [39.79975149271875, 9.94623193246306], [39.80781977261626, 9.946959070839453], [39.81799909692959, 9.952526336159643], [39.82619356410292, 9.95448237296542], [39.83739980606156, 9.955773783535173], [39.84550703103222, 9.951346886475772], [39.853474818179045, 9.946160106497723], [39.862153271935405, 9.942181840153642], [39.86506509883036, 9.935861705343521], [39.86382858262487, 9.930694872360482], [39.86634161508328, 9.92519069133385], [39.86945299113704, 9.91908822766885], [39.87316269640753, 9.90945591514222], [39.88067288122973, 9.90784810850106], [39.88713761840685, 9.905990821393589], [39.892168520864836, 9.905051840541631], [39.90250964162756, 9.902103431502034], [39.91048541533366, 9.899658104102953], [39.91615166863634, 9.894299324065242], [39.92648173447213, 9.884888182531217], [39.93455954366718, 9.87542407148789], [39.93016887102761, 9.866762050662778], [39.9254118225765, 9.85825920371404], [39.91543935433959, 9.85684821512063], [39.91418305002459, 9.845649989708946], [39.93078549889758, 9.838569679292007], [39.941026449560994, 9.835322025641098], [39.94761460034663, 9.832416584450755], [39.95662989886515, 9.827219956226966], [39.9544544242374, 9.817699588917653], [39.968147950113604, 9.808172061530561], [39.976225351445294, 9.802552057705178], [39.98073245498654, 9.799443049169748], [39.986112410819466, 9.797840430538903], [39.98900169643719, 9.783086621154235], [39.98499447223125, 9.771287790810582], [39.98908928609702, 9.767916920850059], [39.99429676543277, 9.76457929937215], [40.00531115722726, 9.778244862013835], [40.008941441675674, 9.782748851854029], [40.00850746119799, 9.789692349558836], [40.005324694300256, 9.796201893833102], [40.01189359279532, 9.819526280016415], [40.01835899519661, 9.820977377229822], [40.028666973924445, 9.830870804059138], [40.03607544094484, 9.843765834774862], [40.05353978791956, 9.843164597953493], [40.071562427864556, 9.858382534449232], [40.05929945419334, 9.865304316135788], [40.06442864464939, 9.903375057457003], [40.070248472022186, 9.90575950670522], [40.07869433329577, 9.906423572261328], [40.08971268115622, 9.935764500458706], [40.081292819018145, 9.949348501968506], [40.073030414166446, 9.956033710913674], [40.06814192048608, 9.961027203485422], [40.06708514302857, 9.967223718584526], [40.05977489957964, 9.978060649321973], [40.04402870470671, 9.991984732322907], [40.03282152574927, 9.995440910197466], [40.01067687767035, 9.992135124443616], [40.00128757063966, 9.993860166984975], [39.993278005950714, 9.994262885743355], [39.961973082170076, 9.995051374245222], [39.94822144211977, 9.994329112559099], [39.92360663555759, 10.011693740711932], [39.942487130886164, 10.044019837964964], [39.94431200071022, 10.06013838833608], [39.93765227244657, 10.063158295936265], [39.9281418906134, 10.090908409369721], [39.92367786942245, 10.093811902828765], [39.91823822387069, 10.096555466436035], [39.91122193937532, 10.099464405663896], [39.90583475502917, 10.101457381218642], [39.89886155928718, 10.10605438748628], [39.89462630270451, 10.110039079520062], [39.8896428616214, 10.117341589721178], [39.8841404717906, 10.124125860546693], [39.8770004721948, 10.130764492446433], [39.87238147756339, 10.139079727133215], [39.86845032795266, 10.143306797995239], [39.862211844568286, 10.150077004649297], [39.8542737234542, 10.155626542064057], [39.848096607442756, 10.159323223255866], [39.8418025149206, 10.161442699816698], [39.8349424935049, 10.162569939444388], [39.829088479572704, 10.169239785991563], [39.82880157869261, 10.177857153668011], [39.830992382096674, 10.183905147847158], [39.83236607809567, 10.193488369986897]]]}}, {"type": "Feature", "properties": {"name": "Gishe Rabel", "id": "NS_GR", "sourceName": "Abichuna Gne'a", "sourceID": "50319843B74180897004770", "matchDistance": 0.09701, "center": [39.25, 9.75]}, "geometry": {"type": "Polygon", "coordinates": [[[39.37878394520084, 9.581155789879379], [39.37410513965105, 9.583884150956662], [39.3742122805281, 9.593018691451618], [39.38051635966446, 9.597257060707859], [39.38504301513741, 9.603892200111728], [39.38616158509582, 9.611714114282856], [39.38967320508064, 9.616729287827612], [39.389173726635605, 9.62340929790921], [39.386712703965635, 9.63180896585536], [39.38140659626483, 9.631496998220834], [39.37630777799803, 9.630217561615344], [39.37187929225293, 9.626683267060999], [39.366854811772704, 9.62299429821041], [39.36254127735664, 9.619904408747312], [39.35524534095818, 9.618672150846825], [39.35290180877376, 9.62304231971577], [39.3535502856716, 9.629224504779014], [39.35418037106892, 9.635095447978355], [39.35640821890021, 9.640832765106163], [39.35809445450037, 9.648844869866782], [39.35860399990805, 9.657849064832474], [39.3629846651945, 9.662513752706557], [39.36903873806923, 9.664017809714002], [39.372152868363045, 9.67095181308606], [39.367821037066996, 9.676270375427446], [39.36183272723863, 9.681262721187448], [39.36564607438033, 9.685559333647877], [39.37057767106328, 9.69054967455805], [39.37096865973864, 9.700358844536153], [39.364988904053554, 9.702433205991523], [39.35855717064113, 9.70162587285], [39.351168719004654, 9.700913956837283], [39.34533963588617, 9.699985912995512], [39.340199502840214, 9.70490008756607], [39.33888171698835, 9.711194806788686], [39.341616167895396, 9.718075407417103], [39.34756983658022, 9.726120898383467], [39.34263825977789, 9.72843909567641], [39.33599435081991, 9.72682164048363], [39.3296250638055, 9.725347363837505], [39.32130380978756, 9.725104018889105], [39.314202298896916, 9.732415626340435], [39.31200262895134, 9.73963333032592], [39.30895161256191, 9.744994171567138], [39.30396582818374, 9.746986728411851], [39.29870792536533, 9.749010439979484], [39.29259307457373, 9.74611071912939], [39.2902436783261, 9.739764893233547], [39.28843627154076, 9.734943329104423], [39.28124361599748, 9.734165517916697], [39.274402245500525, 9.738422093192304], [39.26896951166357, 9.740720317282534], [39.2644387995597, 9.736202674166783], [39.260901091176535, 9.730289382455046], [39.25854055289615, 9.72554851402323], [39.256050260870246, 9.720777949410648], [39.25317112841777, 9.713367211767013], [39.25075724211583, 9.705888294696114], [39.245623788256346, 9.702803144412568], [39.239875936782425, 9.70337257323296], [39.233659619895846, 9.700143190144074], [39.22891379699012, 9.694694472274413], [39.22585934192298, 9.699892552257888], [39.22434640036835, 9.70619070258558], [39.21760106934961, 9.70937928710397], [39.21224300663217, 9.70572810498128], [39.20948686404607, 9.711890873108368], [39.205744907843844, 9.707537677675662], [39.200975695649944, 9.7097168656724], [39.19820190696508, 9.717333075620683], [39.19142325056929, 9.719425031405608], [39.185022420171684, 9.721042531596952], [39.18436550861267, 9.715817353010404], [39.18540969506169, 9.707663869763724], [39.18495639929003, 9.701134349787928], [39.185124371347534, 9.694884651868126], [39.184874447599405, 9.686740499533128], [39.179484588451935, 9.690269982364862], [39.17507693890415, 9.695832202090154], [39.167116630466474, 9.693666767990255], [39.16263199034845, 9.689761219846082], [39.15653999263373, 9.689677840862306], [39.14994299210391, 9.691752856892533], [39.14622339339613, 9.694328576156845], [39.14716313232933, 9.701204535084262], [39.14680470673547, 9.709421746750849], [39.1485929984042, 9.716338687631556], [39.14517654173514, 9.721689660763802], [39.145744907137406, 9.729622693051935], [39.14388630032001, 9.736295415511192], [39.14015159023592, 9.74163677323671], [39.134319498229004, 9.74236412378881], [39.128325822257146, 9.739510073678787], [39.12353997470797, 9.735919281639115], [39.117847919262594, 9.734256036596442], [39.110451809992, 9.733455366595617], [39.10377643606891, 9.734678691484282], [39.0985340036036, 9.736421163769887], [39.098251991244375, 9.74479823391841], [39.10538020245383, 9.749573912142633], [39.102621589578234, 9.756032033415986], [39.09823186285446, 9.759220399101302], [39.09306137293536, 9.76405749728337], [39.087958102277916, 9.762487411580706], [39.08293969371351, 9.75795550430208], [39.07738453145116, 9.755561327536848], [39.06972327518092, 9.753934010350681], [39.05963621395898, 9.754447099634499], [39.05129865580225, 9.754413977671959], [39.04383319098624, 9.75182482768924], [39.03684717182637, 9.747991542492565], [39.035815501202485, 9.753782345273834], [39.03141979606335, 9.75646139669657], [39.02446312011837, 9.75883405520292], [39.01743663027043, 9.758702602721218], [39.0130461833284, 9.753181112748411], [39.00532622489101, 9.751574609992256], [38.99798718917612, 9.748988947288971], [39.00478200251371, 9.741410192170298], [39.00740202943074, 9.733508380675197], [39.01212213909271, 9.729986723039115], [39.012192097629104, 9.721301937207462], [39.016042147477215, 9.711152814755534], [39.02824843794607, 9.703087465720214], [39.034882594399875, 9.698573830677681], [39.046207054320206, 9.696230648980043], [39.0575431806799, 9.693764146661517], [39.06759094647363, 9.693111651134751], [39.07775793928897, 9.679375317386308], [39.075130215151525, 9.673139214122534], [39.07531350419994, 9.663256755686858], [39.07663349245296, 9.654637510788282], [39.07314335027718, 9.644453428087168], [39.067713195180474, 9.642493628607975], [39.059552946200235, 9.636479202373097], [39.06076543550065, 9.6283024190346], [39.05355438419348, 9.623509130625868], [39.04696249680355, 9.615741097466515], [39.04533242674153, 9.609311674612032], [39.05560768934494, 9.607005164062127], [39.0609665700078, 9.604213300988587], [39.07029053555854, 9.59742760566769], [39.068876274817775, 9.5863135935423], [39.06008092687604, 9.578232605378608], [39.06305270354512, 9.569795088227766], [39.07594550254319, 9.560595837093496], [39.07936307070307, 9.555616258028303], [39.08839331093164, 9.555331241821282], [39.09524349950959, 9.556856069441807], [39.09952699134763, 9.565045325638295], [39.11310405716007, 9.571684668285663], [39.10996892435704, 9.561875551986216], [39.107283794588454, 9.55022660021778], [39.11303384272132, 9.52906844618531], [39.13199428050358, 9.515019596988088], [39.14137246828444, 9.50198270491507], [39.147954671603, 9.50742018859051], [39.15767493149803, 9.50764012244725], [39.178265474383, 9.505780184796173], [39.205116186588285, 9.504150195228751], [39.22708675401739, 9.499060538520299], [39.24928731274372, 9.492830975646982], [39.268477781927466, 9.48430163825394], [39.28560826757232, 9.489111123992231], [39.29447356702844, 9.50159247679297], [39.30339600748419, 9.512994636171731], [39.30298540765749, 9.523693806655297], [39.30953912420196, 9.531779724559946], [39.31379212097584, 9.5365560646752], [39.318996512911795, 9.530398728224128], [39.32379519319163, 9.526730456481715], [39.33054633243213, 9.527554161130299], [39.335076819604375, 9.534399862768817], [39.33919262221413, 9.542251647077366], [39.342253778705725, 9.54638722722544], [39.34856025487893, 9.548605535593254], [39.35369890228735, 9.550196370513316], [39.36145775763883, 9.547058274774482], [39.36666743350889, 9.553901641576896], [39.37017255269841, 9.558751193371267], [39.373477255497505, 9.565031453154061], [39.37732712751931, 9.568327640907942], [39.379381210238954, 9.574085122626066], [39.37878394520084, 9.581155789879379]]]}}, {"type": "Feature", "properties": {"name": "Keye Gebriel", "id": "NS_KG", "sourceName": "Menz Mama Midir", "sourceID": "50319843B96465363264488", "matchDistance": 0.157156, "center": [39.55, 9.95]}, "geometry": {"type": "Polygon", "coordinates": [[[39.81087786466788, 10.248608013911282], [39.80755928775282, 10.244636891087403], [39.7994730917789, 10.248219118657973], [39.791792400471714, 10.25068144346698], [39.786066262272946, 10.253463228734839], [39.77857519134266, 10.258573950995828], [39.76862472922913, 10.263740915065064], [39.759585675488744, 10.265129064413408], [39.75316693453839, 10.262770919598536], [39.748421274773314, 10.256987625754162], [39.741519837980995, 10.250337395948815], [39.73463279230172, 10.24960307052655], [39.72996989158523, 10.247171264278132], [39.72419078587722, 10.247423464503056], [39.716075736203265, 10.248715662458807], [39.708833523990116, 10.248705007258927], [39.70175263195933, 10.246680963725455], [39.694424655399146, 10.244300849216936], [39.68899130781861, 10.243923912464998], [39.68248318181071, 10.243673795581744], [39.675350708001076, 10.237849725528486], [39.67149742762252, 10.231799854389113], [39.667469390574674, 10.227030841239765], [39.67503861493655, 10.222742665785484], [39.68008797445048, 10.218200940095604], [39.68800464157809, 10.216553113989866], [39.69345470727411, 10.210639369526461], [39.6970426161018, 10.206985840715436], [39.69964949487309, 10.202565383972104], [39.70042139428081, 10.195781939510624], [39.69434020921004, 10.191879443862092], [39.68732136784226, 10.191315782184684], [39.680446061177335, 10.187373502799822], [39.6737873729226, 10.185617647026925], [39.66862671718532, 10.182510915176662], [39.66321573412985, 10.181583110387363], [39.656533363507194, 10.177169705091227], [39.65144521831974, 10.175584872657815], [39.64543754186969, 10.172863646732141], [39.63952603613082, 10.170334236879905], [39.633558186659485, 10.166331290151925], [39.628609784325704, 10.162764633736433], [39.62359955044748, 10.15981458910145], [39.61781438208459, 10.15743949722144], [39.6108734967706, 10.151599519473873], [39.60244125143376, 10.14818956721963], [39.596884412937335, 10.144087794336965], [39.59415164728191, 10.139373893491284], [39.589464839580955, 10.136613829804679], [39.582377842078266, 10.135377911374553], [39.578143156150574, 10.128243299524096], [39.573451483417145, 10.119786574466165], [39.57032619588718, 10.113133846593346], [39.569279131462004, 10.106441345694305], [39.56501373842413, 10.101266676537959], [39.561612367809566, 10.095984662759241], [39.55436426593525, 10.094676067893454], [39.54830648822502, 10.091847017621232], [39.545184933249054, 10.084176047872443], [39.5369083838889, 10.083053941354928], [39.52961094696471, 10.084642090101157], [39.52445978744652, 10.080801958523034], [39.51881511965019, 10.077803253815766], [39.516089015710214, 10.072131771027529], [39.51333416631503, 10.067564440696406], [39.509295282559265, 10.062983617387344], [39.5039074462063, 10.058319892595003], [39.49966197716873, 10.05433343514358], [39.494495812905, 10.049756368174446], [39.48930632515073, 10.04688031780276], [39.484829500759005, 10.03998941012798], [39.47874081522553, 10.036035667952724], [39.47361316793578, 10.034193858116812], [39.46875435456935, 10.031298473672402], [39.461329059175696, 10.028907642314993], [39.45335025577894, 10.027803698517552], [39.447117279919766, 10.028060399826002], [39.440963767241584, 10.029774923914779], [39.43568213301179, 10.031324481089987], [39.42970497030814, 10.030952712541849], [39.423086122301875, 10.030204147890666], [39.41703895848485, 10.029973533173614], [39.40871069704689, 10.031985685549152], [39.40157704869503, 10.031199507324306], [39.395520534347895, 10.027847585967166], [39.38944774022832, 10.022043481901207], [39.38369731607453, 10.015382335741574], [39.38006392331765, 10.010123886561566], [39.37738641737581, 10.0038661978248], [39.372134913002164, 9.998235247837707], [39.3634251114035, 9.993524543945654], [39.35527658390097, 9.990416362099293], [39.34960358559872, 9.98811376272508], [39.34171409421103, 9.986195910894283], [39.34685096406213, 9.97920556532715], [39.34959499826909, 9.971795539865028], [39.35188403215012, 9.966655483125882], [39.355264424833585, 9.960850562673986], [39.36213662122366, 9.955251939099183], [39.369120791374925, 9.959738005192765], [39.37392196478414, 9.964872624785992], [39.37898219725036, 9.972573745346045], [39.38620992752691, 9.980247423912248], [39.39322011528423, 9.984715291609508], [39.400363830802796, 9.984406555771164], [39.40804350284065, 9.984859029416075], [39.416933822506465, 9.98482086468111], [39.422665687984605, 9.982845343301818], [39.427358134252344, 9.980313625672627], [39.435229110166, 9.978821238693891], [39.44132979108345, 9.981130840768438], [39.444262621866606, 9.986599229050723], [39.44745740331409, 9.99195807080417], [39.45450048877733, 9.9959542215454], [39.461300508242864, 9.999891819145862], [39.46819559473483, 10.001387542329873], [39.477574771786486, 10.0029498265447], [39.48590451125943, 10.003220172375803], [39.49519398051031, 9.998932016774155], [39.50269278494668, 9.994907683052341], [39.508999393405986, 9.992831333066494], [39.514712301626844, 9.993819465255374], [39.5216615667097, 9.992899426799646], [39.52978689781325, 9.993340176935222], [39.54085087626594, 9.991988637885958], [39.54847462839702, 9.99463896263944], [39.55348184523407, 9.994528570484256], [39.559759930458895, 9.994721394955805], [39.565576584727786, 9.998736222294273], [39.5731564155152, 10.00243243962662], [39.582260925177664, 10.005386828948083], [39.58973325042448, 10.005347417725517], [39.59662258278959, 10.00300696314183], [39.60478638824353, 10.00267894864754], [39.612137138837994, 10.002576203430593], [39.61851637565737, 10.00174562435306], [39.62535143263878, 10.001481694068328], [39.63153773244698, 10.003144013300373], [39.637258572359954, 10.00679757580795], [39.64203395014116, 10.009888308930506], [39.648811946902164, 10.00951106243998], [39.656785220047446, 10.014538867544237], [39.661425612350534, 10.017850298733698], [39.6674747229072, 10.021559651399834], [39.6752292621409, 10.023425730092097], [39.680734665875704, 10.024536934811078], [39.68761236076787, 10.026552385932563], [39.692679006482635, 10.028454189082654], [39.699161860802015, 10.031052590931537], [39.70270564257864, 10.03472791256951], [39.70766746022007, 10.038066255981356], [39.714376658745465, 10.041496165073724], [39.7242586780844, 10.042427529319452], [39.73445747186507, 10.043268915478857], [39.73928976850522, 10.049417277138328], [39.74126344812386, 10.054407957712206], [39.74690161754014, 10.060928782722101], [39.752395056388764, 10.065277974830042], [39.75913936686391, 10.06622510337934], [39.765464609401405, 10.061335853720292], [39.76949839104996, 10.067880943590161], [39.771468142750436, 10.074926636185083], [39.77331918025394, 10.081127732316164], [39.77555133805391, 10.08921135075467], [39.77728444221907, 10.095994738932523], [39.770200466934746, 10.098553551229006], [39.77060571340242, 10.104934332886357], [39.77344714551024, 10.11504657015603], [39.77785197440436, 10.121135910082561], [39.786743715683755, 10.124474997824684], [39.79404653696203, 10.1237501932369], [39.795559982398785, 10.129128366832923], [39.792998303371306, 10.139148825219745], [39.791868604944455, 10.146621646600924], [39.792649618657244, 10.152426649575249], [39.797699279776936, 10.157156702164615], [39.80261167197838, 10.15905200725995], [39.80536974914144, 10.163760759711813], [39.80425624136039, 10.170979356785086], [39.79952935223865, 10.17619017156245], [39.807145905301965, 10.179066040990245], [39.81613693108887, 10.182381196514521], [39.822335210944836, 10.190749254090921], [39.827603200317995, 10.193490147886727], [39.83236607809567, 10.193488369986897], [39.83191712166995, 10.201922189736205], [39.83174190109464, 10.209307368317658], [39.832851002952324, 10.21790795131908], [39.83422829193262, 10.223823456679673], [39.834947933590485, 10.23006525190733], [39.829254900810604, 10.235276781041058], [39.81806975542366, 10.240562433399967], [39.81087786466788, 10.248608013911282]]]}}, {"type": "Feature", "properties": {"name": "Worebabu", "id": "NS_WB", "sourceName": "Kembibit", "sourceID": "50319843B86359259387434", "matchDistance": 0.170618, "center": [39.45, 9.5]}, "geometry": {"type": "MultiPolygon", "coordinates": [[[[39.29447356702844, 9.50159247679297], [39.28560826757232, 9.489111123992231], [39.268477781927466, 9.48430163825394], [39.24928731274372, 9.492830975646982], [39.22708675401739, 9.499060538520299], [39.205116186588285, 9.504150195228751], [39.178265474383, 9.505780184796173], [39.15767493149803, 9.50764012244725], [39.147954671603, 9.50742018859051], [39.14137246828444, 9.50198270491507], [39.137264275901764, 9.486512091432406], [39.14024426156969, 9.467423770188455], [39.14276425511075, 9.452015124334146], [39.12378370612172, 9.44490584765333], [39.104563183853756, 9.442616141833083], [39.103613059420965, 9.422847893685175], [39.09340269532916, 9.404689558723293], [39.08297234154642, 9.389970913150902], [39.07207197432571, 9.374342351129354], [39.0674317752185, 9.36032361195184], [39.06765173546845, 9.350894447351164], [39.08129206715135, 9.343755010274249], [39.09840248703902, 9.33616560347355], [39.121773109505675, 9.3343156532], [39.15092388719117, 9.33475547361609], [39.17566451637463, 9.327386003799386], [39.183964645099636, 9.308757616824968], [39.20176510537393, 9.304837874082889], [39.20895535585034, 9.317246738443753], [39.216155622873764, 9.33171542456445], [39.2337461493734, 9.342744356120079], [39.25294666390376, 9.343644182779531], [39.26773700461702, 9.332825072760858], [39.265266898692545, 9.325205757120157], [39.279132496983415, 9.313265523141007], [39.286288665434505, 9.316811998967648], [39.292320282289424, 9.332745913183322], [39.293839676072864, 9.350177763623128], [39.303877513752276, 9.357640547588419], [39.307396940565994, 9.367101152773476], [39.32043775961622, 9.366591397736657], [39.32094720258795, 9.375058410566401], [39.325969294365905, 9.381528903877225], [39.338007874220295, 9.381517501565773], [39.347536403579625, 9.379515845209262], [39.35755869690332, 9.370042156215979], [39.37386761025769, 9.376749307269113], [39.37713694993823, 9.38496419888971], [39.3957056150829, 9.392913070257705], [39.40472137424865, 9.381446892450423], [39.41273989971135, 9.375460576230067], [39.42126336299064, 9.372461973713952], [39.42679065755215, 9.380424604597598], [39.4413395910202, 9.382398949647632], [39.4464978923075, 9.384915299713843], [39.4494471436379, 9.390731535095215], [39.45309726319455, 9.394923645561942], [39.454729485716435, 9.402209419608397], [39.450422245926, 9.405717701948342], [39.44808220885754, 9.410477290063842], [39.443942121827334, 9.415386875537763], [39.448487267385275, 9.419811460122506], [39.450177344409155, 9.426279208326449], [39.44856067002449, 9.433496077172984], [39.43858041467803, 9.43514014653404], [39.43117988410678, 9.434881207883837], [39.42542174613142, 9.43812895037596], [39.41920160566461, 9.442961219732622], [39.412106442760624, 9.448484096649329], [39.40613629775355, 9.451265546633635], [39.39478101865034, 9.456051512876837], [39.388754581307126, 9.450787759250687], [39.379253891201294, 9.447084386976009], [39.37359440849573, 9.447834346837697], [39.37376377519828, 9.4531672068741], [39.3741938162797, 9.458996687445083], [39.37777698558339, 9.464290788497049], [39.375923909170375, 9.468059209970885], [39.370270437973545, 9.470938982997252], [39.36393528982409, 9.47486199693155], [39.356470090742015, 9.475235334044536], [39.351239940276095, 9.472962230789168], [39.34462976537174, 9.47330223294321], [39.339419639914794, 9.475782038185754], [39.332411943135, 9.473997232401045], [39.32444421539611, 9.470982540330269], [39.3157022985096, 9.468006182016834], [39.31054383123831, 9.468682811856425], [39.30638125089701, 9.474744795288014], [39.304898747170945, 9.48213665020616], [39.30191536571877, 9.488787740650482], [39.294946869068, 9.492740759074835], [39.29447356702844, 9.50159247679297]]], [[[39.30339600748419, 9.512994636171731], [39.29447356702844, 9.50159247679297], [39.300388740039594, 9.503763086424582], [39.306043568224595, 9.506242838677945], [39.30339600748419, 9.512994636171731]]]]}}, {"type": "Feature", "properties": {"name": "Menze Gera", "id": "NS_MG", "sourceName": "Simurobi Gele'alo", "sourceID": "50319843B69872696238199", "matchDistance": 0.401499, "center": [39.75, 9.75]}, "geometry": {"type": "Polygon", "coordinates": [[[39.9281418906134, 10.090908409369721], [39.93765227244657, 10.063158295936265], [39.94431200071022, 10.06013838833608], [39.942487130886164, 10.044019837964964], [39.92360663555759, 10.011693740711932], [39.94822144211977, 9.994329112559099], [39.961973082170076, 9.995051374245222], [39.993278005950714, 9.994262885743355], [40.00128757063966, 9.993860166984975], [40.01067687767035, 9.992135124443616], [40.03282152574927, 9.995440910197466], [40.04402870470671, 9.991984732322907], [40.05977489957964, 9.978060649321973], [40.06708514302857, 9.967223718584526], [40.06814192048608, 9.961027203485422], [40.073030414166446, 9.956033710913674], [40.081292819018145, 9.949348501968506], [40.08971268115622, 9.935764500458706], [40.07869433329577, 9.906423572261328], [40.070248472022186, 9.90575950670522], [40.06442864464939, 9.903375057457003], [40.05929945419334, 9.865304316135788], [40.071562427864556, 9.858382534449232], [40.05353978791956, 9.843164597953493], [40.03607544094484, 9.843765834774862], [40.028666973924445, 9.830870804059138], [40.01835899519661, 9.820977377229822], [40.01189359279532, 9.819526280016415], [40.005324694300256, 9.796201893833102], [40.00850746119799, 9.789692349558836], [40.008941441675674, 9.782748851854029], [40.00531115722726, 9.778244862013835], [39.99429676543277, 9.76457929937215], [39.99202159339494, 9.757700547145628], [40.00270002563756, 9.748907462036748], [40.006782936897295, 9.741998632176124], [40.01463474127238, 9.738544186286518], [40.01023769496049, 9.733833658722293], [39.974397867439336, 9.73020616110163], [39.98241803551654, 9.721086926394484], [40.006498606145946, 9.709967787900768], [40.03345934120097, 9.71389729642492], [40.0487197212352, 9.709007647823597], [40.06335007971666, 9.704307989932], [40.07995047554002, 9.695598671648824], [40.11757141676998, 9.687399201937884], [40.13681194550212, 9.689938872248037], [40.1480922281357, 9.687289046993312], [40.165922753552, 9.697528035593976], [40.184793229845646, 9.694378220524854], [40.19937356009875, 9.683899073387618], [40.22204413176579, 9.680499255304174], [40.24432474674586, 9.685678667025218], [40.24543487231106, 9.702737145756895], [40.24868507541577, 9.72345527982172], [40.240304949242386, 9.741143753104813], [40.232534892960146, 9.768301372926901], [40.22819490372761, 9.789529510070855], [40.226495033215514, 9.82199662428999], [40.23667552517601, 9.861293071400729], [40.25954628757053, 9.890230368290759], [40.27952689073013, 9.904129017452545], [40.291917301635216, 9.918537669800113], [40.320828223331944, 9.946075054597257], [40.34261899897091, 9.98164176816359], [40.3600496205687, 10.010089134829027], [40.364419885454616, 10.036726736167273], [40.36392995980428, 10.050965475129102], [40.36485006363249, 10.065104206707703], [40.34321947113072, 10.060854709496676], [40.335079287208345, 10.067074199706811], [40.32286902189874, 10.076403443268703], [40.30773867131644, 10.084502803591953], [40.28684815462661, 10.091572298289956], [40.26718766242266, 10.095712038129761], [40.25045724788056, 10.101081653187308], [40.2280466900041, 10.106821270955589], [40.20093596366, 10.10577151415864], [40.18817563204672, 10.1066215102971], [40.17606537050285, 10.117360627565509], [40.161115036874946, 10.128289741921819], [40.154484908021665, 10.135829104540226], [40.14580971210564, 10.141963609648442], [40.137928931059356, 10.145978153039975], [40.15114479239745, 10.110494822707448], [40.15901784807724, 10.09122383560249], [40.133456410689945, 10.072040481203254], [40.108021769791456, 10.072126975464611], [40.069895038673366, 10.080008024820692], [40.04828509134983, 10.077750832942654], [40.024877718906616, 10.075304248956467], [39.99443123172344, 10.077844369906554], [39.989819219135306, 10.089260954015797], [39.98104661809193, 10.088797813826961], [39.970037645964844, 10.085886003335439], [39.94903917789303, 10.085410346867171], [39.9281418906134, 10.090908409369721]]]}}, {"type": "Feature", "properties": {"name": "Selale", "id": "NS_SL", "sourceName": "Jida", "sourceID": "50319843B3684019586511", "matchDistance": 0.316118, "center": [39.3, 9.65]}, "geometry": {"type": "Polygon", "coordinates": [[[38.974352718337975, 9.473017962668402], [38.97868992899955, 9.46939438902133], [38.992790250586026, 9.457625358584668], [38.99831027348834, 9.432097588729224], [38.986239784510936, 9.39875060034871], [38.98575965171155, 9.375062699583156], [38.98596957460382, 9.357584245479265], [38.96326884665584, 9.332976535007822], [38.94543827000288, 9.31273841019784], [38.940568078845494, 9.301239451101676], [38.96230861820956, 9.291120245982482], [38.984069235055124, 9.297329590845333], [39.0014297622081, 9.311128288652554], [39.00526334363348, 9.314643025053712], [39.016480235033605, 9.324926989981925], [39.04310098575477, 9.332046236440371], [39.05330133927745, 9.348134760382777], [39.06765173546845, 9.350894447351164], [39.0674317752185, 9.36032361195184], [39.07207197432571, 9.374342351129354], [39.08297234154642, 9.389970913150902], [39.09340269532916, 9.404689558723293], [39.103613059420965, 9.422847893685175], [39.104563183853756, 9.442616141833083], [39.12378370612172, 9.44490584765333], [39.14276425511075, 9.452015124334146], [39.14024426156969, 9.467423770188455], [39.137264275901764, 9.486512091432406], [39.14137246828444, 9.50198270491507], [39.13199428050358, 9.515019596988088], [39.11303384272132, 9.52906844618531], [39.107283794588454, 9.55022660021778], [39.10996892435704, 9.561875551986216], [39.11310405716007, 9.571684668285663], [39.09952699134763, 9.565045325638295], [39.09524349950959, 9.556856069441807], [39.08839331093164, 9.555331241821282], [39.07936307070307, 9.555616258028303], [39.07594550254319, 9.560595837093496], [39.06305270354512, 9.569795088227766], [39.06008092687604, 9.578232605378608], [39.05499524334831, 9.582871738190263], [39.04535979578559, 9.585499335809393], [39.034848388378435, 9.586375238305376], [39.026964806705024, 9.581996027420105], [39.022585007702745, 9.573237550324967], [39.022584950587124, 9.561851501260993], [39.02521268597132, 9.538203540775118], [39.02871637971793, 9.516307276330412], [39.022584596688056, 9.490907659782293], [39.01032123925309, 9.48214922072754], [38.974352718337975, 9.473017962668402]]]}}, {"type": "Feature", "properties": {"name": "Fiche (Special)", "id": "NS_FI", "sourceName": "Wuchale", "sourceID": "50319843B47825587107210", "matchDistance": 0.368564, "center": [39.28, 9.82]}, "geometry": {"type": "Polygon", "coordinates": [[[38.99798718917612, 9.748988947288971], [38.99094998846163, 9.746949274829328], [38.98671405546523, 9.750022026161108], [38.98160390926707, 9.752959968148067], [38.97850637025942, 9.757253926020873], [38.97526564180204, 9.762082183349065], [38.96879252709632, 9.75714309739841], [38.96498446904411, 9.750031966237751], [38.95852518400908, 9.744721051013682], [38.95293284055543, 9.739641861502541], [38.95356324405313, 9.733662470465545], [38.95601527698185, 9.727211361952678], [38.95994467718803, 9.719499357002343], [38.96109764331381, 9.711738699681367], [38.95537046814287, 9.702113919074549], [38.93703988232021, 9.684415573559761], [38.93051958898312, 9.66165761455415], [38.92284927856172, 9.64118946843885], [38.89387843158181, 9.62763080556162], [38.86930770584355, 9.615911960325517], [38.835936735991496, 9.60280328638235], [38.79608562879779, 9.59636405096367], [38.76410868017702, 9.57878987730009], [38.76802470073407, 9.561397277004309], [38.75735431436899, 9.542988950007443], [38.74623394911752, 9.52964018850519], [38.74252380642316, 9.519751075166397], [38.734573420714845, 9.484964192909256], [38.745283681419835, 9.480404543822734], [38.76704419676523, 9.464995802387488], [38.78672466168645, 9.450966945195637], [38.816125442258496, 9.448677004114236], [38.85109643083977, 9.457646041918812], [38.88120729351838, 9.467535026815607], [38.90806802187971, 9.468684791829004], [38.93816884226205, 9.469834548677222], [38.974352718337975, 9.473017962668402], [39.01032123925309, 9.48214922072754], [39.022584596688056, 9.490907659782293], [39.02871637971793, 9.516307276330412], [39.02521268597132, 9.538203540775118], [39.022584950587124, 9.561851501260993], [39.022585007702745, 9.573237550324967], [39.026964806705024, 9.581996027420105], [39.034848388378435, 9.586375238305376], [39.04535979578559, 9.585499335809393], [39.05499524334831, 9.582871738190263], [39.06008092687604, 9.578232605378608], [39.068876274817775, 9.5863135935423], [39.07029053555854, 9.59742760566769], [39.0609665700078, 9.604213300988587], [39.05560768934494, 9.607005164062127], [39.04533242674153, 9.609311674612032], [39.04696249680355, 9.615741097466515], [39.05355438419348, 9.623509130625868], [39.06076543550065, 9.6283024190346], [39.059552946200235, 9.636479202373097], [39.067713195180474, 9.642493628607975], [39.07314335027718, 9.644453428087168], [39.07663349245296, 9.654637510788282], [39.07531350419994, 9.663256755686858], [39.075130215151525, 9.673139214122534], [39.07775793928897, 9.679375317386308], [39.06759094647363, 9.693111651134751], [39.0575431806799, 9.693764146661517], [39.046207054320206, 9.696230648980043], [39.034882594399875, 9.698573830677681], [39.02824843794607, 9.703087465720214], [39.016042147477215, 9.711152814755534], [39.012192097629104, 9.721301937207462], [39.01212213909271, 9.729986723039115], [39.00740202943074, 9.733508380675197], [39.00478200251371, 9.741410192170298], [38.99798718917612, 9.748988947288971]]]}}, {"type": "Feature", "properties": {"name": "Legambo", "id": "NS_LG", "sourceName": "Menz Lalo Midir", "sourceID": "50319843B48031006803571", "matchDistance": 0.239174, "center": [39.6, 9.9]}, "geometry": {"type": "Polygon", "coordinates": [[[39.49301740050377, 10.20429425102302], [39.486790434436294, 10.200654051188765], [39.48302129762399, 10.194130648730614], [39.4775398681735, 10.188315860148634], [39.47244343853702, 10.180708394131978], [39.46991182775846, 10.172979341885037], [39.46760821170321, 10.163124976054572], [39.46614288707808, 10.156779545900427], [39.45926644526311, 10.155465198980597], [39.451820238474255, 10.154268844846776], [39.44539179498251, 10.150638451378663], [39.4399378651889, 10.144655259803345], [39.434352693653295, 10.140730637654212], [39.43133658701645, 10.136000072039609], [39.429134495790684, 10.130322586889267], [39.42623536629744, 10.120863438908941], [39.42489230122763, 10.115515919279026], [39.42224144126702, 10.108448559357376], [39.418391054660574, 10.102501106398766], [39.41549195420886, 10.098252998199376], [39.410872305028356, 10.093743921582547], [39.40610330820068, 10.087282185475908], [39.39679435958109, 10.081537077397792], [39.39091985736891, 10.079494622290387], [39.38182267723059, 10.076106887275559], [39.37573072868543, 10.069786729122505], [39.37006703484527, 10.062162933780051], [39.366501409642154, 10.056726933820583], [39.36289378437194, 10.05141892253139], [39.36166671807488, 10.045350466710634], [39.361269165027785, 10.037511495141915], [39.35967109384456, 10.032250636550051], [39.35744100438481, 10.026722637046873], [39.355282913634305, 10.020698181951548], [39.35227180869605, 10.016334083741405], [39.347560663571336, 10.012863916074352], [39.34271351404039, 10.009406247559717], [39.33645932323568, 10.005153656566408], [39.329971127006445, 10.00116154489399], [39.32007041036075, 9.99716323570186], [39.326137124281814, 9.99322769566773], [39.333080038463564, 9.989719096105308], [39.34171409421103, 9.986195910894283], [39.34960358559872, 9.98811376272508], [39.35527658390097, 9.990416362099293], [39.3634251114035, 9.993524543945654], [39.372134913002164, 9.998235247837707], [39.37738641737581, 10.0038661978248], [39.38006392331765, 10.010123886561566], [39.38369731607453, 10.015382335741574], [39.38944774022832, 10.022043481901207], [39.395520534347895, 10.027847585967166], [39.40157704869503, 10.031199507324306], [39.40871069704689, 10.031985685549152], [39.41703895848485, 10.029973533173614], [39.423086122301875, 10.030204147890666], [39.42970497030814, 10.030952712541849], [39.43568213301179, 10.031324481089987], [39.440963767241584, 10.029774923914779], [39.447117279919766, 10.028060399826002], [39.45335025577894, 10.027803698517552], [39.461329059175696, 10.028907642314993], [39.46875435456935, 10.031298473672402], [39.47361316793578, 10.034193858116812], [39.47874081522553, 10.036035667952724], [39.484829500759005, 10.03998941012798], [39.48930632515073, 10.04688031780276], [39.494495812905, 10.049756368174446], [39.49966197716873, 10.05433343514358], [39.5039074462063, 10.058319892595003], [39.509295282559265, 10.062983617387344], [39.51333416631503, 10.067564440696406], [39.516089015710214, 10.072131771027529], [39.51881511965019, 10.077803253815766], [39.52445978744652, 10.080801958523034], [39.52961094696471, 10.084642090101157], [39.5369083838889, 10.083053941354928], [39.545184933249054, 10.084176047872443], [39.54830648822502, 10.091847017621232], [39.55436426593525, 10.094676067893454], [39.561612367809566, 10.095984662759241], [39.56501373842413, 10.101266676537959], [39.569279131462004, 10.106441345694305], [39.57032619588718, 10.113133846593346], [39.573451483417145, 10.119786574466165], [39.578143156150574, 10.128243299524096], [39.582377842078266, 10.135377911374553], [39.589464839580955, 10.136613829804679], [39.59415164728191, 10.139373893491284], [39.596884412937335, 10.144087794336965], [39.60244125143376, 10.14818956721963], [39.6108734967706, 10.151599519473873], [39.61781438208459, 10.15743949722144], [39.62359955044748, 10.15981458910145], [39.628609784325704, 10.162764633736433], [39.633558186659485, 10.166331290151925], [39.63952603613082, 10.170334236879905], [39.64543754186969, 10.172863646732141], [39.65144521831974, 10.175584872657815], [39.656533363507194, 10.177169705091227], [39.66321573412985, 10.181583110387363], [39.66862671718532, 10.182510915176662], [39.6737873729226, 10.185617647026925], [39.680446061177335, 10.187373502799822], [39.68732136784226, 10.191315782184684], [39.69434020921004, 10.191879443862092], [39.70042139428081, 10.195781939510624], [39.69964949487309, 10.202565383972104], [39.6970426161018, 10.206985840715436], [39.69345470727411, 10.210639369526461], [39.68800464157809, 10.216553113989866], [39.68008797445048, 10.218200940095604], [39.67503861493655, 10.222742665785484], [39.667469390574674, 10.227030841239765], [39.65823300341164, 10.223772067031039], [39.65273302261654, 10.223801094792872], [39.64806991403982, 10.226826602470329], [39.64085612828916, 10.228177572116012], [39.63525607024893, 10.22687475142531], [39.62987240511889, 10.223078784005546], [39.623536250241685, 10.225804477342965], [39.618582463442266, 10.228151230840767], [39.61146160888037, 10.228656391812981], [39.60211717528335, 10.2258226940413], [39.59457079669308, 10.22417721445728], [39.587895678279025, 10.223154907795541], [39.581994116642186, 10.222625787336238], [39.576279710677944, 10.22224115219134], [39.57125418710035, 10.219686155984293], [39.56416060477656, 10.21669737626465], [39.55746721426922, 10.214888805706602], [39.54944778627568, 10.212560656371332], [39.54468984555308, 10.21030948085146], [39.54141593555604, 10.206344999683013], [39.537573313001495, 10.202848747011767], [39.52875294863407, 10.202438790183765], [39.52240014323194, 10.200690604039961], [39.51695583262043, 10.198245700020264], [39.511286066304116, 10.195613863894925], [39.50422018969755, 10.194318909891665], [39.49767139150271, 10.200136371388062], [39.49301740050377, 10.20429425102302]]]}}]}